grupo_duplicado,apariciones_grupo,indice_original,track_id,artists,album_name,track_name,popularity,duration_ms,explicit,danceability,energy,key,loudness,mode,speechiness,acousticness,instrumentalness,liveness,valence,tempo,time_signature,track_genre
DUP-0001,2,1874,0CDucx9lKxuCZplLXUz0iX,Buena Onda Reggae Club,Disco 2,Song for Rollins,16,219346,False,0.841,0.577,0,-7.544,1,0.0438,0.238,0.86,0.0571,0.843,90.522,4,afrobeat
DUP-0001,2,1925,0CDucx9lKxuCZplLXUz0iX,Buena Onda Reggae Club,Disco 2,Song for Rollins,16,219346,False,0.841,0.577,0,-7.544,1,0.0438,0.238,0.86,0.0571,0.843,90.522,4,afrobeat
DUP-0002,2,2109,2aibwv5hGXSgw7Yru8IYTO,Red Hot Chili Peppers,Stadium Arcadium,Snow (Hey Oh),80,334666,False,0.427,0.9,11,-3.674,1,0.0499,0.116,1.75e-05,0.119,0.599,104.655,4,alt-rock
DUP-0002,2,2155,2aibwv5hGXSgw7Yru8IYTO,Red Hot Chili Peppers,Stadium Arcadium,Snow (Hey Oh),80,334666,False,0.427,0.9,11,-3.674,1,0.0499,0.116,1.75e-05,0.119,0.599,104.655,4,alt-rock
DUP-0003,2,3683,7mULVp0DJrI2Nd6GesLvxn,Joy Division,Timeless Rock Hits,Love Will Tear Us Apart,0,204621,False,0.524,0.902,2,-8.662,1,0.0368,0.000989,0.695,0.137,0.907,146.833,4,alternative
DUP-0003,2,3738,7mULVp0DJrI2Nd6GesLvxn,Joy Division,Timeless Rock Hits,Love Will Tear Us Apart,0,204621,False,0.524,0.902,2,-8.662,1,0.0368,0.000989,0.695,0.137,0.907,146.833,4,alternative
DUP-0004,2,4598,6d3RIvHfVkoOtW1WHXmbX3,Little Symphony,Serenity,Margot,27,45714,False,0.269,0.142,0,-23.695,1,0.0509,0.866,0.904,0.114,0.321,67.872,3,ambient
DUP-0004,2,4648,6d3RIvHfVkoOtW1WHXmbX3,Little Symphony,Serenity,Margot,27,45714,False,0.269,0.142,0,-23.695,1,0.0509,0.866,0.904,0.114,0.321,67.872,3,ambient
DUP-0005,2,5721,481beimUiUnMUzSbOAFcUT,SUPER BEAVER,突破口 / 自慢になりたい,突破口,54,255080,False,0.472,0.994,8,-1.786,1,0.114,0.0259,0.0,0.0535,0.262,103.512,4,anime
DUP-0005,2,5769,481beimUiUnMUzSbOAFcUT,SUPER BEAVER,突破口 / 自慢になりたい,突破口,54,255080,False,0.472,0.994,8,-1.786,1,0.114,0.0259,0.0,0.0535,0.262,103.512,4,anime
DUP-0006,2,6090,57QCT8L3kFQiN4AXkBRJxW,Dimmu Borgir,Spiritual Black Dimensions,The Blazing Monoliths of Defiance,22,277093,False,0.169,0.949,4,-6.789,0,0.101,2.47e-05,0.000743,0.276,0.112,112.758,4,black-metal
DUP-0006,2,6134,57QCT8L3kFQiN4AXkBRJxW,Dimmu Borgir,Spiritual Black Dimensions,The Blazing Monoliths of Defiance,22,277093,False,0.169,0.949,4,-6.789,0,0.101,2.47e-05,0.000743,0.276,0.112,112.758,4,black-metal
DUP-0007,2,6501,3RIeNvIwO6ZRMLiwla7DdY,Whoredom Rife,Whoredom Rife,Gitt Til Odin,17,344466,False,0.107,0.899,9,-6.346,0,0.0666,1.48e-06,3.71e-05,0.389,0.0335,187.439,3,black-metal
DUP-0007,2,6557,3RIeNvIwO6ZRMLiwla7DdY,Whoredom Rife,Whoredom Rife,Gitt Til Odin,17,344466,False,0.107,0.899,9,-6.346,0,0.0666,1.48e-06,3.71e-05,0.389,0.0335,187.439,3,black-metal
DUP-0008,2,6803,6FmQMYlxRl56FIgOwvRBil,Whoredom Rife,Pakt,En Lenke Smidd I Blod,16,396210,False,0.355,0.952,6,-6.477,0,0.0814,4.19e-06,0.176,0.36,0.0362,94.972,3,black-metal
DUP-0008,2,6856,6FmQMYlxRl56FIgOwvRBil,Whoredom Rife,Pakt,En Lenke Smidd I Blod,16,396210,False,0.355,0.952,6,-6.477,0,0.0814,4.19e-06,0.176,0.36,0.0362,94.972,3,black-metal
DUP-0009,2,7299,6laLzRAweI0HEOYDMO4Kds,Alison Krauss & Union Station,Live,"Tiny Broken Heart - Live From The Louisville Palace, Kentucky / 2002",25,188400,False,0.466,0.815,9,-8.479,1,0.0355,0.159,0.000236,0.864,0.866,112.448,4,bluegrass
DUP-0009,2,7347,6laLzRAweI0HEOYDMO4Kds,Alison Krauss & Union Station,Live,"Tiny Broken Heart - Live From The Louisville Palace, Kentucky / 2002",25,188400,False,0.466,0.815,9,-8.479,1,0.0355,0.159,0.000236,0.864,0.866,112.448,4,bluegrass
DUP-0010,2,7794,5Aq43Qi1j27J5KQkKYYKq0,Old & In The Way,Breakdown,Working On A Building,21,155733,False,0.524,0.238,9,-17.01,1,0.0426,0.892,0.0148,0.713,0.641,98.942,4,bluegrass
DUP-0010,2,7844,5Aq43Qi1j27J5KQkKYYKq0,Old & In The Way,Breakdown,Working On A Building,21,155733,False,0.524,0.238,9,-17.01,1,0.0426,0.892,0.0148,0.713,0.641,98.942,4,bluegrass
DUP-0011,2,8023,72E3wMPI5tVY7VoEWLSuhf,Ella Fitzgerald,CHRISTMAS TOP HITS 2022,Frosty The Snowman,0,131733,False,0.579,0.502,8,-7.57,1,0.0513,0.733,0.0,0.281,0.836,76.783,4,blues
DUP-0011,2,8057,72E3wMPI5tVY7VoEWLSuhf,Ella Fitzgerald,CHRISTMAS TOP HITS 2022,Frosty The Snowman,0,131733,False,0.579,0.502,8,-7.57,1,0.0513,0.733,0.0,0.281,0.836,76.783,4,blues
DUP-0012,2,8846,3FkzSXO9uZbQ4sgRgR8O0m,Fats Domino,The Fats Domino Jukebox: 20 Greatest Hits The Way You Originally Heard Them,Let The Four Winds Blow - Remastered 2002,32,138693,False,0.588,0.494,10,-10.687,1,0.0525,0.535,0.0155,0.0942,0.964,91.964,4,blues
DUP-0012,2,8890,3FkzSXO9uZbQ4sgRgR8O0m,Fats Domino,The Fats Domino Jukebox: 20 Greatest Hits The Way You Originally Heard Them,Let The Four Winds Blow - Remastered 2002,32,138693,False,0.588,0.494,10,-10.687,1,0.0525,0.535,0.0155,0.0942,0.964,91.964,4,blues
DUP-0013,2,9351,1hB4340DP1nnBmfWn37uTN,509-E;Dexter;Afro-X,Provérbios 13,Saudades Mil,48,526026,True,0.624,0.589,2,-6.669,1,0.281,0.302,0.0,0.124,0.78,76.847,4,brazil
DUP-0013,2,9407,1hB4340DP1nnBmfWn37uTN,509-E;Dexter;Afro-X,Provérbios 13,Saudades Mil,48,526026,True,0.624,0.589,2,-6.669,1,0.281,0.302,0.0,0.124,0.78,76.847,4,brazil
DUP-0014,2,9847,469w8UmJYEGGMTNafmscjz,Padre Fábio De Melo,Queremos Deus,Espírito Santo Repousa / Faço Novas Todas as Coisas,43,467000,False,0.276,0.576,0,-8.672,1,0.0389,0.582,0.0,0.636,0.24,139.751,4,brazil
DUP-0014,2,9894,469w8UmJYEGGMTNafmscjz,Padre Fábio De Melo,Queremos Deus,Espírito Santo Repousa / Faço Novas Todas as Coisas,43,467000,False,0.276,0.576,0,-8.672,1,0.0389,0.582,0.0,0.636,0.24,139.751,4,brazil
DUP-0015,2,10935,0LBIf9EFHuxmuNig4JHGZo,Timo Maas,Crossing Wires 002 - Compiled And Mixed By Timo Maas,Crossing Wires 002 - Continuous DJ Mix,11,4789026,False,0.697,0.632,1,-12.469,1,0.0451,0.00815,0.871,0.0998,0.151,121.055,4,breakbeat
DUP-0015,2,10984,0LBIf9EFHuxmuNig4JHGZo,Timo Maas,Crossing Wires 002 - Compiled And Mixed By Timo Maas,Crossing Wires 002 - Continuous DJ Mix,11,4789026,False,0.697,0.632,1,-12.469,1,0.0451,0.00815,0.871,0.0998,0.151,121.055,4,breakbeat
DUP-0016,2,12685,7bqnvindpmkim89M9yhRiU,Leon Lai,黎明電影主題曲歌集,"甜蜜蜜 - 電影""甜蜜蜜""主題曲",20,201040,False,0.555,0.348,4,-15.245,1,0.0294,0.78,0.00137,0.115,0.566,138.087,4,cantopop
DUP-0016,2,12732,7bqnvindpmkim89M9yhRiU,Leon Lai,黎明電影主題曲歌集,"甜蜜蜜 - 電影""甜蜜蜜""主題曲",20,201040,False,0.555,0.348,4,-15.245,1,0.0294,0.78,0.00137,0.115,0.566,138.087,4,cantopop
DUP-0017,2,13360,7kao8wtgDELLkoMjGPhre7,Paul Johnson,The Music In Me,Y All Stole Them Dances - Original Mix,10,319352,False,0.804,0.851,11,-9.786,0,0.145,0.00101,0.0107,0.261,0.607,132.813,4,chicago-house
DUP-0017,2,13407,7kao8wtgDELLkoMjGPhre7,Paul Johnson,The Music In Me,Y All Stole Them Dances - Original Mix,10,319352,False,0.804,0.851,11,-9.786,0,0.145,0.00101,0.0107,0.261,0.607,132.813,4,chicago-house
DUP-0018,2,13704,14vexXpojwu3mG1S9fqHmL,Aaron Smith;Luvli,Dancin,Dancin - Laidback Luke Remix,20,381395,False,0.664,0.848,6,-2.382,1,0.162,0.0759,0.0332,0.106,0.359,129.056,4,chicago-house
DUP-0018,2,13754,14vexXpojwu3mG1S9fqHmL,Aaron Smith;Luvli,Dancin,Dancin - Laidback Luke Remix,20,381395,False,0.664,0.848,6,-2.382,1,0.162,0.0759,0.0332,0.106,0.359,129.056,4,chicago-house
DUP-0019,2,14134,5GNH4c3DtYopcN3QcEzOxD,VeggieTales,Oh Santa! Kids Christmas Songs,Feliz Navidad,0,185493,False,0.707,0.506,0,-9.218,1,0.175,0.48,0.000114,0.0491,0.924,157.755,4,children
DUP-0019,2,14190,5GNH4c3DtYopcN3QcEzOxD,VeggieTales,Oh Santa! Kids Christmas Songs,Feliz Navidad,0,185493,False,0.707,0.506,0,-9.218,1,0.175,0.48,0.000114,0.0491,0.924,157.755,4,children
DUP-0020,2,14942,5DVAtP5U4v22AUwjii0bvx,The Countdown Kids,Happy Halloween! (Spooky Favorites for Kids),"Theme from ""The Addams Family""",0,84000,False,0.717,0.673,5,-4.645,1,0.251,0.801,0.0161,0.0214,0.963,60.799,4,children
DUP-0020,2,14985,5DVAtP5U4v22AUwjii0bvx,The Countdown Kids,Happy Halloween! (Spooky Favorites for Kids),"Theme from ""The Addams Family""",0,84000,False,0.717,0.673,5,-4.645,1,0.251,0.801,0.0161,0.0214,0.963,60.799,4,children
DUP-0021,2,15044,4xxg28R4JsE5OSyDFlZEmZ,Pink Sweat$,Coffee Chill,I Feel Good,0,136058,False,0.803,0.75,11,-4.67,1,0.0551,0.0233,3.87e-05,0.045,0.628,106.0,4,chill
DUP-0021,2,15094,4xxg28R4JsE5OSyDFlZEmZ,Pink Sweat$,Coffee Chill,I Feel Good,0,136058,False,0.803,0.75,11,-4.67,1,0.0551,0.0233,3.87e-05,0.045,0.628,106.0,4,chill
DUP-0022,2,16015,4gj2XS6vLhDBuiduScHjRX,Johann Sebastian Bach;RIMA,Early Morning Classic,Bach : The Well-Tempered Clavier Book I. Fugue No.2,1,93340,False,0.372,0.0413,0,-31.531,0,0.0339,0.995,0.845,0.129,0.445,170.196,3,classical
DUP-0023,2,16017,0MtRspmmNTRJa4Ebd2AMuN,Johann Sebastian Bach;Lang Lang,Classical Christmas 2022,"Christmas Oratorio, BWV 248: X. Sinfonia (Arr. Anna Saradjian)",0,157400,False,0.499,0.059,7,-20.969,1,0.0546,0.995,0.89,0.0889,0.171,82.472,4,classical
DUP-0024,2,16026,0HOrX3f1vhUpn5hknKAM9W,Johann Sebastian Bach;Gundula Janowitz;Christa Ludwig;Fritz Wunderlich;Münchener Bach-Orchester;Karl Richter,Classical Christmas 2022,"Christmas Oratorio, BWV 248 / Pt. 5 - For the 1st Sunday in the New Year: No. 51 Terzetto: ""Ach, wann wird die Zeit erscheinen?""",0,320173,False,0.343,0.243,11,-15.404,0,0.0578,0.943,0.0,0.532,0.417,73.48,4,classical
DUP-0025,2,16031,0o30XkI520zpdZIeSRaSXr,Johann Sebastian Bach;Orion Weiss,Yarlung Records: Fifteen Years,"Overture in the French Style, Op. 2, BWV 831 (Excerpts): XI. Echo",0,176963,False,0.522,0.215,11,-21.148,0,0.0655,0.992,0.912,0.0971,0.934,103.767,4,classical
DUP-0026,2,16041,1gHJ8Y9xdcOPfg5tyBIL40,Johann Sebastian Bach;Lang Lang,Weihnachten Klassik 2022,"Christmas Oratorio, BWV 248: X. Sinfonia (Arr. Anna Saradjian)",0,157400,False,0.499,0.059,7,-20.969,1,0.0546,0.995,0.89,0.0889,0.171,82.472,4,classical
DUP-0027,2,16049,3hyLdoIjuv5JV0MyE4GQkg,Johann Sebastian Bach;Boston Pops Orchestra;Arthur Fiedler,Weihnachten Klassik 2022,"Herz und Mund und Tat und Leben, Cantata BWV 147 - Arr. Robert Bockholt: Jesu Joy of Men's Desiring",0,204666,False,0.138,0.173,7,-17.603,1,0.0371,0.955,0.928,0.161,0.159,100.657,4,classical
DUP-0022,2,16054,4gj2XS6vLhDBuiduScHjRX,Johann Sebastian Bach;RIMA,Early Morning Classic,Bach : The Well-Tempered Clavier Book I. Fugue No.2,1,93340,False,0.372,0.0413,0,-31.531,0,0.0339,0.995,0.845,0.129,0.445,170.196,3,classical
DUP-0028,2,16061,0KMayG55Y3QCYK2Yxq7qj7,Ludwig van Beethoven;Murray Perahia,Clásica para los niños de hoy,"Piano Sonata No. 14 in C-Sharp Minor, Op. 27 No. 2 ""Moonlight"": I. Adagio sostenuto",0,316440,False,0.146,0.00241,1,-40.843,0,0.0434,0.995,0.945,0.113,0.0973,166.462,3,classical
DUP-0029,2,16066,5Wr9eVJ9Ccpx6uYTLETkbk,Ludwig van Beethoven;Wiener Philharmoniker;Andris Nelsons,Classical Running,"Symphony No. 6 in F Major, Op. 68 ""Pastoral"": III. Lustiges Zusammensein der Landleute. Allegro",0,308240,False,0.283,0.139,5,-18.546,1,0.0476,0.931,0.841,0.54,0.334,158.524,1,classical
DUP-0023,2,16068,0MtRspmmNTRJa4Ebd2AMuN,Johann Sebastian Bach;Lang Lang,Classical Christmas 2022,"Christmas Oratorio, BWV 248: X. Sinfonia (Arr. Anna Saradjian)",0,157400,False,0.499,0.059,7,-20.969,1,0.0546,0.995,0.89,0.0889,0.171,82.472,4,classical
DUP-0025,2,16081,0o30XkI520zpdZIeSRaSXr,Johann Sebastian Bach;Orion Weiss,Yarlung Records: Fifteen Years,"Overture in the French Style, Op. 2, BWV 831 (Excerpts): XI. Echo",0,176963,False,0.522,0.215,11,-21.148,0,0.0655,0.992,0.912,0.0971,0.934,103.767,4,classical
DUP-0024,2,16082,0HOrX3f1vhUpn5hknKAM9W,Johann Sebastian Bach;Gundula Janowitz;Christa Ludwig;Fritz Wunderlich;Münchener Bach-Orchester;Karl Richter,Classical Christmas 2022,"Christmas Oratorio, BWV 248 / Pt. 5 - For the 1st Sunday in the New Year: No. 51 Terzetto: ""Ach, wann wird die Zeit erscheinen?""",0,320173,False,0.343,0.243,11,-15.404,0,0.0578,0.943,0.0,0.532,0.417,73.48,4,classical
DUP-0026,2,16087,1gHJ8Y9xdcOPfg5tyBIL40,Johann Sebastian Bach;Lang Lang,Weihnachten Klassik 2022,"Christmas Oratorio, BWV 248: X. Sinfonia (Arr. Anna Saradjian)",0,157400,False,0.499,0.059,7,-20.969,1,0.0546,0.995,0.89,0.0889,0.171,82.472,4,classical
DUP-0027,2,16098,3hyLdoIjuv5JV0MyE4GQkg,Johann Sebastian Bach;Boston Pops Orchestra;Arthur Fiedler,Weihnachten Klassik 2022,"Herz und Mund und Tat und Leben, Cantata BWV 147 - Arr. Robert Bockholt: Jesu Joy of Men's Desiring",0,204666,False,0.138,0.173,7,-17.603,1,0.0371,0.955,0.928,0.161,0.159,100.657,4,classical
DUP-0028,2,16130,0KMayG55Y3QCYK2Yxq7qj7,Ludwig van Beethoven;Murray Perahia,Clásica para los niños de hoy,"Piano Sonata No. 14 in C-Sharp Minor, Op. 27 No. 2 ""Moonlight"": I. Adagio sostenuto",0,316440,False,0.146,0.00241,1,-40.843,0,0.0434,0.995,0.945,0.113,0.0973,166.462,3,classical
DUP-0029,2,16131,5Wr9eVJ9Ccpx6uYTLETkbk,Ludwig van Beethoven;Wiener Philharmoniker;Andris Nelsons,Classical Running,"Symphony No. 6 in F Major, Op. 68 ""Pastoral"": III. Lustiges Zusammensein der Landleute. Allegro",0,308240,False,0.283,0.139,5,-18.546,1,0.0476,0.931,0.841,0.54,0.334,158.524,1,classical
DUP-0030,2,16147,1APMLD7JwHPdiWFObXKqXP,Pyotr Ilyich Tchaikovsky;Berliner Philharmoniker;Mstislav Rostropovich,Classical Christmas,"The Nutcracker (Suite), Op. 71a, TH. 35: IIf. Dance of the Reed-Pipes (Mirlitons)",0,155000,False,0.45,0.0485,2,-31.079,1,0.038,0.972,0.911,0.172,0.316,126.978,4,classical
DUP-0031,2,16161,4yp2yp607NbAqmpvtvk5Bp,Yiruma,Christmas Dinner,Maybe Christmas - Orchestra Version,0,303297,False,0.105,0.154,1,-14.355,1,0.0334,0.946,0.895,0.0683,0.0756,71.0,4,classical
DUP-0030,2,16191,1APMLD7JwHPdiWFObXKqXP,Pyotr Ilyich Tchaikovsky;Berliner Philharmoniker;Mstislav Rostropovich,Classical Christmas,"The Nutcracker (Suite), Op. 71a, TH. 35: IIf. Dance of the Reed-Pipes (Mirlitons)",0,155000,False,0.45,0.0485,2,-31.079,1,0.038,0.972,0.911,0.172,0.316,126.978,4,classical
DUP-0031,2,16203,4yp2yp607NbAqmpvtvk5Bp,Yiruma,Christmas Dinner,Maybe Christmas - Orchestra Version,0,303297,False,0.105,0.154,1,-14.355,1,0.0334,0.946,0.895,0.0683,0.0756,71.0,4,classical
DUP-0032,2,16217,6XjBNMzl25wEBebNMdPMGg,Edvard Grieg;Una Bourne,"Mozart, Liszt & Others: Piano Works","Lyric Pieces I, Op. 12 (Excerpts): No. 2, Vals",0,88506,False,0.419,0.213,9,-23.095,1,0.0357,0.961,0.899,0.237,0.36,97.708,3,classical
DUP-0033,2,16221,4oE62AqzUuiwV09HGxiMlu,Edvard Grieg;Una Bourne,"Mozart, Liszt & Others: Piano Works","Lyric Pieces I, Op. 12 (Excerpts): No. 6, Norsk",0,42306,False,0.345,0.236,2,-21.922,1,0.0401,0.989,0.952,0.228,0.38,135.677,4,classical
DUP-0034,2,16223,5Ib5W64RwrPCN3bnRO4C2W,Edvard Grieg;Una Bourne,"Mozart, Liszt & Others: Piano Works","Lyric Pieces I, Op. 12 (Excerpts): No. 5, Folkevise",0,59653,False,0.376,0.129,6,-23.677,0,0.0397,0.993,0.899,0.142,0.561,56.596,4,classical
DUP-0035,2,16236,6m3hSSDwLUUsXEf6aPtH1m,Edvard Grieg;Una Bourne,"Mozart, Liszt & Others: Piano Works","Lyric Pieces VIII, Op. 65: No. 6, Bryllupsdag på Troldhaugen",0,255933,False,0.331,0.23,2,-21.548,1,0.0356,0.978,0.88,0.359,0.189,82.51,3,classical
DUP-0036,2,16241,2tF07mtTCrO5bmw1xv2vzG,Edvard Grieg;Academy of St. Martin in the Fields;Sir Neville Marriner,Classical Running,"Holberg Suite, Op. 40: 1. Präludium (Allegro vivace)",0,165000,False,0.23,0.144,7,-21.34,1,0.0408,0.94,0.869,0.395,0.229,142.163,4,classical
DUP-0032,2,16263,6XjBNMzl25wEBebNMdPMGg,Edvard Grieg;Una Bourne,"Mozart, Liszt & Others: Piano Works","Lyric Pieces I, Op. 12 (Excerpts): No. 2, Vals",0,88506,False,0.419,0.213,9,-23.095,1,0.0357,0.961,0.899,0.237,0.36,97.708,3,classical
DUP-0037,2,16269,4k1gofu5MHXtsbqfikEzVq,Sergei Rachmaninoff;Marko Stuparevic,Recreation: Russian Piano Sonatas,"Piano Sonata No. 2 in B-Flat Minor, Op. 36: I. Allegro agitato",0,505663,False,0.316,0.108,1,-20.37,1,0.0416,0.994,0.898,0.0957,0.0615,84.996,4,classical
DUP-0033,2,16271,4oE62AqzUuiwV09HGxiMlu,Edvard Grieg;Una Bourne,"Mozart, Liszt & Others: Piano Works","Lyric Pieces I, Op. 12 (Excerpts): No. 6, Norsk",0,42306,False,0.345,0.236,2,-21.922,1,0.0401,0.989,0.952,0.228,0.38,135.677,4,classical
DUP-0038,2,16274,26Dme5GkC1yX4P2QU9V6Sk,Sergei Rachmaninoff;Talistrio,"Casella, Rachmaninoff & Yamada: Chamber Works","Trio élégiaque No. 2 in D Minor, Op. 9: I. Moderato - Allegro vivace",0,1371693,False,0.175,0.0869,2,-20.248,0,0.0427,0.955,0.251,0.0783,0.0345,78.113,4,classical
DUP-0034,2,16276,5Ib5W64RwrPCN3bnRO4C2W,Edvard Grieg;Una Bourne,"Mozart, Liszt & Others: Piano Works","Lyric Pieces I, Op. 12 (Excerpts): No. 5, Folkevise",0,59653,False,0.376,0.129,6,-23.677,0,0.0397,0.993,0.899,0.142,0.561,56.596,4,classical
DUP-0035,2,16286,6m3hSSDwLUUsXEf6aPtH1m,Edvard Grieg;Una Bourne,"Mozart, Liszt & Others: Piano Works","Lyric Pieces VIII, Op. 65: No. 6, Bryllupsdag på Troldhaugen",0,255933,False,0.331,0.23,2,-21.548,1,0.0356,0.978,0.88,0.359,0.189,82.51,3,classical
DUP-0036,2,16290,2tF07mtTCrO5bmw1xv2vzG,Edvard Grieg;Academy of St. Martin in the Fields;Sir Neville Marriner,Classical Running,"Holberg Suite, Op. 40: 1. Präludium (Allegro vivace)",0,165000,False,0.23,0.144,7,-21.34,1,0.0408,0.94,0.869,0.395,0.229,142.163,4,classical
DUP-0037,2,16344,4k1gofu5MHXtsbqfikEzVq,Sergei Rachmaninoff;Marko Stuparevic,Recreation: Russian Piano Sonatas,"Piano Sonata No. 2 in B-Flat Minor, Op. 36: I. Allegro agitato",0,505663,False,0.316,0.108,1,-20.37,1,0.0416,0.994,0.898,0.0957,0.0615,84.996,4,classical
DUP-0038,2,16345,26Dme5GkC1yX4P2QU9V6Sk,Sergei Rachmaninoff;Talistrio,"Casella, Rachmaninoff & Yamada: Chamber Works","Trio élégiaque No. 2 in D Minor, Op. 9: I. Moderato - Allegro vivace",0,1371693,False,0.175,0.0869,2,-20.248,0,0.0427,0.955,0.251,0.0783,0.0345,78.113,4,classical
DUP-0039,2,16565,7vwrBZ68Puc9ZJaXRcnHRs,Bhimsen Joshi,Jeevan Gane Pandit Bhimsen Joshi,Aata Kothe Dhave Man,29,360386,False,0.41,0.245,2,-17.29,1,0.0318,0.957,0.0,0.0793,0.585,102.378,4,classical
DUP-0039,2,16612,7vwrBZ68Puc9ZJaXRcnHRs,Bhimsen Joshi,Jeevan Gane Pandit Bhimsen Joshi,Aata Kothe Dhave Man,29,360386,False,0.41,0.245,2,-17.29,1,0.0318,0.957,0.0,0.0793,0.585,102.378,4,classical
DUP-0040,2,16700,0RPOy0HWyY3bLm40pm3T8s,Wolfgang Amadeus Mozart;Daniel Barenboim;Berliner Philharmoniker,Mozart: Piano Concertos Nos. 20 & 22,"Mozart: Piano Concerto No. 20 in D Minor, K. 466: III. Allegro assai",24,417666,False,0.356,0.159,2,-20.231,0,0.0379,0.984,0.943,0.151,0.229,71.779,4,classical
DUP-0041,2,16701,3bURbpWSxXGl1R741ekg07,Wolfgang Amadeus Mozart;Mao Fujita,Mozart: The Complete Piano Sonatas,"Piano Sonata No. 3 in B-Flat Major, K. 281: II. Andante amoroso",16,313866,False,0.4,0.0334,3,-26.333,1,0.0502,0.993,0.938,0.11,0.367,94.362,3,classical
DUP-0042,2,16702,04iTE6hn0yvbWHJXkIfLyy,Wolfgang Amadeus Mozart;Ingrid Haebler;Wiener Symphoniker;Christoph von Dohnányi,"Mozart: Piano Concertos Nos. 12, 18 & 19","Piano Concerto No. 18 in B-Flat Major, K. 456: II. Andante un poco sostenuto",7,693666,False,0.21,0.0975,7,-21.648,0,0.0342,0.973,0.879,0.5,0.0832,84.993,4,classical
DUP-0043,2,16703,5VOJiy4ZseTafrksLPCxim,Wolfgang Amadeus Mozart;Ingrid Haebler;London Symphony Orchestra;Sir Colin Davis,Mozart: Piano Concertos Nos. 14-21,"Piano Concerto No. 15 in B-Flat Major, K. 450: II. (Andante)",5,362640,False,0.17,0.045,3,-26.573,1,0.0418,0.99,0.923,0.15,0.0788,56.768,4,classical
DUP-0044,2,16704,6T1t7fOMfVuVpWSe2Z4Pp9,Wolfgang Amadeus Mozart;Ingrid Haebler;London Symphony Orchestra;Sir Colin Davis,Mozart: Piano Concertos Nos. 26 & 27; Rondo in A Major,"Piano Concerto No. 26 in D Major, K. 537 ""Coronation"": II. (Larghetto)",3,410066,False,0.302,0.019,9,-26.351,1,0.0361,0.992,0.915,0.17,0.194,70.075,4,classical
DUP-0045,2,16705,7mOGLFitvkIyK6xix2xo1m,Wolfgang Amadeus Mozart;Ingrid Haebler;Ludwig Hoffmann,Mozart: Complete Variations for Piano,"Sonata for Piano 4 Hands in C Major, K. 19d: III. Rondo (Allegretto)",2,225293,False,0.457,0.0888,0,-24.985,1,0.051,0.992,0.917,0.131,0.391,125.826,4,classical
DUP-0046,2,16706,4JvzS5bLyxDizlP1OTS8EV,Wolfgang Amadeus Mozart;Hilary Hahn;Natalie Zhu,Mozart - A Classical Dawn,"Sonata for Piano and Violin in E Minor, K. 304: II. Tempo di minuetto",3,337586,False,0.347,0.118,4,-21.192,0,0.0416,0.967,0.0612,0.118,0.257,125.78,4,classical
DUP-0047,2,16707,3MpoUs3BBbuxwbnmHIxOJv,Wolfgang Amadeus Mozart;Mitsuko Uchida;Cleveland Orchestra,Mozart: A Night of Classics,"Piano Concerto No. 27 in B-Flat Major, K. 595: 2. Larghetto - Live",7,452706,False,0.18,0.0115,3,-30.172,1,0.0399,0.987,0.851,0.0991,0.0861,70.428,4,classical
DUP-0048,2,16708,5R02WO5PUrHxynXWfheAqN,Wolfgang Amadeus Mozart;Danielle Laval,Mozart: A Night of Classics,"12 Variations on an Allegretto in B Flat, K.500: 6. Variation V",24,45532,False,0.637,0.022,3,-26.353,1,0.0525,0.995,0.909,0.126,0.193,89.78,4,classical
DUP-0049,2,16709,22mK3JHgM6ATUkfI7BHemg,Wolfgang Amadeus Mozart;Danielle Laval,Mozart - Inspiring Classics,"9 Variations on a Minuet by J.P. Duport in D, K.573: 3. Variation II",5,62280,False,0.277,0.177,2,-19.688,1,0.0348,0.974,0.981,0.228,0.85,142.908,3,classical
DUP-0050,2,16710,1lOhnZV1VVicEMHDEsUXVQ,Wolfgang Amadeus Mozart;Erik Smith,Mozart - Inspiring Classics,"Minuet in F, K.1d",3,79360,False,0.478,0.185,5,-16.501,1,0.037,0.693,0.907,0.0665,0.941,103.495,3,classical
DUP-0051,2,16712,0gBtRrMYlHoToeVB3cstKs,Wolfgang Amadeus Mozart;Danielle Laval,Mozart - Inspiring Classics,"12 Variations on an Allegretto in B Flat, K.500: 8. Variation VII",4,65536,False,0.601,0.0588,10,-27.72,0,0.0747,0.995,0.916,0.0899,0.354,125.689,4,classical
DUP-0052,2,16713,38znqxzVreO8WnoEkBIAJI,Wolfgang Amadeus Mozart;Academy of St. Martin in the Fields;Sir Neville Marriner,Mozart - Inspiring Classics,"Symphony No. 22 in C, K.162: 3. Presto assai",1,98506,False,0.494,0.216,0,-17.779,1,0.0452,0.966,0.921,0.115,0.641,76.432,3,classical
DUP-0053,2,16714,3vFLZOEIM1SxKWPvCCKqvg,Wolfgang Amadeus Mozart;Danielle Laval,Mozart - Inspiring Classics,"9 Variations on ‘Lison dormait’ from ‘Julie’ by N. Dezède in C, K.264: 7. Variation VI",4,64492,False,0.326,0.218,0,-19.854,1,0.0345,0.992,0.937,0.178,0.444,142.723,5,classical
DUP-0054,2,16715,4lvfOnCUxyT3aKKamZ3WXu,Wolfgang Amadeus Mozart;Danielle Laval,Mozart - Inspiring Classics,"12 Variations in C Major on ""Ah, vous dirai-je Maman"", K. 265: 11. Variation X",6,41893,False,0.212,0.221,0,-20.543,1,0.0454,0.98,0.96,0.149,0.425,148.759,5,classical
DUP-0055,2,16716,4gvMjEAFf64RJC2XH9j3Ls,Wolfgang Amadeus Mozart;Danielle Laval,Mozart - Inspiring Classics,"9 Variations on ‘Lison dormait’ from ‘Julie’ by N. Dezède in C, K.264: 2. Variation I",3,71560,False,0.272,0.142,0,-22.839,1,0.0337,0.982,0.975,0.188,0.561,63.218,4,classical
DUP-0056,2,16717,73tHDm0hBREbIJU4NrbGKy,Wolfgang Amadeus Mozart;Arthur Grumiaux;Walter Klien,Mozart: A Night of Classics,"Sonata for Piano and Violin in E flat, K.481: 3f. Variation 5",10,75986,False,0.336,0.155,0,-20.784,0,0.0399,0.99,0.791,0.153,0.871,166.114,3,classical
DUP-0057,2,16718,1NoDZgAwhDmLXBdfxaFPVM,Wolfgang Amadeus Mozart;Arthur Grumiaux;Walter Klien,Mozart: A Night of Classics,"Sonata for Piano and Violin in A, K.305: 2e. Variation 4",12,68733,False,0.398,0.113,9,-22.607,1,0.0561,0.973,0.132,0.174,0.369,58.878,4,classical
DUP-0058,2,16719,7zo05whm8LBnnt1dG979ov,Wolfgang Amadeus Mozart;Wiener Mozart Ensemble;Willi Boskovsky,Mozart - A Classical Dawn,"Six German Dances, K.571: No. 5 in B Flat Major",3,92000,False,0.539,0.158,10,-15.544,1,0.0356,0.976,0.498,0.151,0.685,88.18,3,classical
DUP-0059,2,16720,4GdCiwOXIpmQGUWl5XBqyr,Wolfgang Amadeus Mozart;Arthur Grumiaux;Walter Klien,Mozart - Inspiring Classics,"6 Variations in G minor for Piano & Violin on ""Hélas, j'ai perdu mon amant"" K.360: Var. I",6,55613,False,0.308,0.0647,7,-24.599,0,0.0446,0.994,0.971,0.178,0.769,179.916,4,classical
DUP-0060,2,16721,2bNeq7dW6z9umgGfHGLdcL,Wolfgang Amadeus Mozart;Gürzenich Orchestra Köln;Günter Wand,Mozart - Inspiring Classics,"Symphony No. 33 in B-Flat Major, K. 319: 2b. Andante moderato - Pt. 2",3,69653,False,0.3,0.0902,10,-19.71,1,0.0392,0.981,0.958,0.395,0.0842,87.475,4,classical
DUP-0061,2,16722,5SBm6jz3bNhnbgerw5sJ9g,Wolfgang Amadeus Mozart;Danielle Laval,Mozart - Inspiring Classics,"8 Variations on ‘Dieu d'amour’ from ‘Les mariages samnites’ by Grétry in F, K.352: 2. Variation I",3,80453,False,0.372,0.076,5,-24.31,1,0.0507,0.995,0.967,0.137,0.553,90.987,1,classical
DUP-0062,2,16723,040CvqW0wo3b77EBRfgC14,Wolfgang Amadeus Mozart;Isabelle van Keulen;Ronald Brautigam,Mozart - A Classical Dawn,"Andante and allegretto for Piano and Violin in C, K.404: 2. Allegretto",6,84653,False,0.446,0.106,7,-21.427,1,0.0459,0.987,0.696,0.101,0.844,157.273,4,classical
DUP-0063,2,16724,2WvKORgp0fzCJAAvG8cN3K,Wolfgang Amadeus Mozart;Academy of St. Martin in the Fields;Sir Neville Marriner,Mozart - A Classical Dawn,"Symphony No. 25 in G minor, K.183: 1. Allegro con brio",3,92986,False,0.374,0.128,7,-17.219,0,0.0338,0.983,0.935,0.0823,0.299,80.516,4,classical
DUP-0064,2,16725,1ghv8smG2wTI2Rhs2eghih,Wolfgang Amadeus Mozart;Claire-Marie Le Guay,Mozart: A Night of Classics,"Piano Sonata No.14 in C Minor, K. 457: 2c. Adagio - Pt. 3",14,64839,False,0.325,0.0109,3,-31.406,1,0.0672,0.996,0.876,0.129,0.612,134.0,4,classical
DUP-0065,2,16726,1SZp7sIqzHHh1YMaMu8FL2,Wolfgang Amadeus Mozart;Danielle Laval,Mozart - A Classical Dawn,"12 Variations on an Allegretto in B Flat, K.500: 11. VariatiIon X",9,64379,False,0.372,0.0722,10,-24.857,1,0.0331,0.993,0.898,0.0886,0.324,100.924,4,classical
DUP-0066,2,16727,227o6yibgqhCnZ4i0w77CE,Wolfgang Amadeus Mozart;András Schiff,Mozart - A Classical Dawn,"Fantasia in C minor, K.475: Allegro",5,88600,False,0.421,0.0837,10,-25.476,1,0.0386,0.993,0.885,0.14,0.125,66.075,4,classical
DUP-0067,2,16728,6hVF0vHExRU8hD7cU8hFqS,Wolfgang Amadeus Mozart;Berliner Philharmoniker;Karl Böhm,Mozart - A Classical Dawn,"Die Zauberflöte, K. 620 / Zweiter Aufzug: Marsch der Priester",4,86333,False,0.248,0.0464,5,-30.37,1,0.0352,0.982,0.952,0.236,0.157,87.447,4,classical
DUP-0068,2,16729,2wBVQEElJpTgXi0Op2yt1P,Wolfgang Amadeus Mozart;Claire-Marie Le Guay,Mozart - All Day Classics,"Piano Sonata No.14 in C Minor, K. 457: 2g. Adagio - Pt. 7",21,48960,False,0.372,0.0183,3,-31.907,1,0.0512,0.994,0.924,0.196,0.369,133.748,4,classical
DUP-0069,2,16730,7wvPoDq2sE2qvRE1Trramr,Wolfgang Amadeus Mozart;New Philharmonia Orchestra;Carlo Maria Giulini,Mozart: A Night of Classics,"Symphony No. 40 In G Minor, K.550: 1. Molto allegro",9,85960,False,0.308,0.128,7,-16.179,0,0.0368,0.929,0.956,0.124,0.294,103.577,4,classical
DUP-0070,2,16731,48Z50XFPDJMdZaSlAX58JP,Wolfgang Amadeus Mozart;Concerto Köln;Werner Ehrhardt,Mozart - A Classical Dawn,"Six German Dances, K.571: No. 4 in G",4,96133,False,0.57,0.177,7,-18.339,1,0.0488,0.963,0.917,0.156,0.515,96.075,1,classical
DUP-0071,2,16732,2ZwjgC6JSTllAAY2lJFXQg,Wolfgang Amadeus Mozart;Hagen Quartett,Mozart - A Classical Dawn,"String Quartet No. 9 in A, K.169: 4. Rondeaux (Allegro)",5,90053,False,0.448,0.113,9,-22.262,1,0.0501,0.979,0.878,0.1,0.792,125.6,4,classical
DUP-0072,2,16733,5FwMLFEARYqd9faHGljjwM,Wolfgang Amadeus Mozart;Erik Smith,Mozart: A Night of Classics,"Andantino in C, K.15b",14,67546,False,0.43,0.363,0,-17.472,1,0.0512,0.909,0.358,0.29,0.395,127.893,4,classical
DUP-0073,2,16734,1QBDI0pYOFgskhDI0C7tKh,Wolfgang Amadeus Mozart;Danielle Laval,Mozart - Inspiring Classics,"8 Variations on ‘Ein Weib ist das herrlichste Ding’ by B. Schack in F, K.613: 4. Variation III",1,94438,False,0.215,0.0904,5,-22.501,1,0.0448,0.992,0.892,0.123,0.465,111.983,5,classical
DUP-0074,2,16735,2YF4qV9DzrcrSyddCkpTxV,Wolfgang Amadeus Mozart;Wiener Mozart Ensemble;Willi Boskovsky,Mozart - A Classical Dawn,"Overture and Three Contredanses, K.106: Contredanse No. 3 in B Flat Major",3,99173,False,0.594,0.118,10,-17.044,1,0.043,0.977,0.367,0.0762,0.588,145.794,4,classical
DUP-0075,2,16736,2lTWvfqX8itVpHvQ8EMhS6,Wolfgang Amadeus Mozart;Academy of St. Martin in the Fields;Sir Neville Marriner,Mozart - All Day Classics,"The London Sketchbook, K. 15a-ss (arr. and/or orch. E. Smith) - Three Contredanses: in F, K.15h",23,47000,False,0.661,0.042,5,-29.017,1,0.0433,0.976,0.968,0.114,0.575,82.314,4,classical
DUP-0076,2,16737,2C9ZfqsCQ2bSI51q4uJHaU,Wolfgang Amadeus Mozart;Florian Birsak,Mozart - All Day Classics,"Modulating Prelude, K.284a/2",24,42586,False,0.534,0.15,0,-14.58,0,0.0422,0.984,0.2,0.248,0.53,84.359,4,classical
DUP-0077,2,16738,2nYrRZDwNr6PozbY68pTF8,Wolfgang Amadeus Mozart;Arthur Grumiaux;Walter Klien,Mozart - All Day Classics,"Sonata for Piano and Violin in E flat, K.481: 3f. Variation 5",9,75986,False,0.336,0.155,0,-20.784,0,0.0399,0.99,0.791,0.153,0.871,166.114,3,classical
DUP-0078,2,16739,1wUCk6Nh4c8XLAG0NdNIU5,Wolfgang Amadeus Mozart;Wiener Mozart Ensemble;Willi Boskovsky,Mozart - All Day Classics,"Overture and Three Contredanses, K.106: Overture in D, K.106",16,59760,False,0.56,0.247,2,-13.534,1,0.0601,0.924,0.957,0.0918,0.69,147.246,4,classical
DUP-0079,2,16740,1AypLOhAhLxEDCOy5XGxLM,Wolfgang Amadeus Mozart;Danielle Laval,Mozart - All Day Classics,"Nine Variations in D, K.573 on a minuet by J.P. Duport: 7a. Variation VI - Pt. 1",16,63893,False,0.457,0.0343,2,-27.041,0,0.0465,0.989,0.953,0.0988,0.435,71.381,3,classical
DUP-0080,2,16741,30Hm5tUVPVoJzGIEBchOT3,Wolfgang Amadeus Mozart;Danielle Laval,Mozart - All Day Classics,"8 Variations on ‘Come un agnello’ by Sarti in A, K.460: 1.Theme",15,64039,False,0.588,0.0235,9,-27.184,1,0.0855,0.994,0.963,0.104,0.502,100.233,4,classical
DUP-0081,2,16743,3b4CT1QcTUXjxxhclNX5UT,Wolfgang Amadeus Mozart;Heinz Holliger;Hermann Baumann;Michel Gasciarrino;Henk Guldemond;Orlando Quartet,Mozart - A Classical Dawn,"Divertimento No. 11 in D, K.251 ""Nannerl-Septett"": 4b. Menuetto (Tema con variazioni): Var. I",6,76533,False,0.673,0.17,9,-16.804,1,0.0408,0.867,0.648,0.108,0.593,116.655,4,classical
DUP-0082,2,16745,7dtxV1gbo3kWHiBhFywD7v,Wolfgang Amadeus Mozart;Karl-Heinz Steffens;Werner Mittelbach;Reinhold Helbich,Mozart - All Day Classics,"14 “Interval” Canons K. 508a/3-8 & K. Deest: Canons Nos. 11-14, K.508a/7-8 & K. Deest",7,90786,False,0.33,0.0423,3,-23.181,1,0.0496,0.99,0.868,0.108,0.284,86.81,4,classical
DUP-0083,2,16746,6nQanke7CG03HzTKpjXlhV,Wolfgang Amadeus Mozart;English Baroque Soloists;John Eliot Gardiner,Mozart - All Day Classics,"Idomeneo, re di Creta, K.366 / Act 3: Marcia - Live",7,83666,False,0.199,0.00734,0,-39.346,1,0.0379,0.805,0.000513,0.542,0.327,94.799,4,classical
DUP-0084,2,16747,03B8ZXUmuDpf59j5PIMFHq,Wolfgang Amadeus Mozart;Heinz Holliger;Academy of St. Martin in the Fields;Kenneth Sillito,Mozart - All Day Classics,"Ma che vi fece... Sperai vicino, K.368: 1. Andantino",7,86160,False,0.29,0.049,5,-24.072,1,0.0555,0.98,0.753,0.108,0.114,76.473,4,classical
DUP-0085,2,16748,7gK2q5m7SDSY4MDPvv3v9c,Wolfgang Amadeus Mozart;Members of the Netherlands Wind Ensemble;Werner Herbers;Carlo Ravelli;Hans Mossel;Hens Otter;Joep Terwey;Kees Olthuis;Iman Soeteman;Jan Peeters;Hans Krul,Mozart - All Day Classics,"Don Giovanni, ossia Il dissoluto punito, K.527 - Arr. for 8 wind instruments by Johann G. Triebensee (1746-1813) - Act 1: ""Madamina, il catalogo è questo""",6,99986,False,0.495,0.144,7,-21.977,1,0.038,0.986,0.847,0.222,0.391,94.024,4,classical
DUP-0086,2,16749,32By63ejJIcJka9uDcO0A9,Wolfgang Amadeus Mozart;Wiener Mozart Ensemble;Willi Boskovsky,Mozart - All Day Classics,"7 Minuets, K.65a: No. 5 in C Major",7,98560,False,0.592,0.0557,0,-20.601,1,0.0493,0.958,0.0373,0.0642,0.709,142.897,1,classical
DUP-0087,2,16772,2vZkRvnwxCLsmzf8oGGBKK,Wolfgang Amadeus Mozart;Wiener Mozart Ensemble;Willi Boskovsky,Mozart: A Night of Classics,6 Minuets K. 105 (attribution doubtful): No. 4 in G Major,6,99000,False,0.502,0.0769,7,-19.183,1,0.0466,0.985,0.423,0.205,0.781,142.069,3,classical
DUP-0088,2,16793,2TocLZMOpI8t0fwIYiXRU5,Wolfgang Amadeus Mozart;Mozarteum Orchestra Salzburg;Leopold Hager,Mozart - All Day Classics,"Ascanio in Alba, K.111 / Part 1: Andante grazioso",10,78800,False,0.284,0.0656,7,-22.254,1,0.0398,0.96,0.952,0.305,0.38,84.639,1,classical
DUP-0040,2,16900,0RPOy0HWyY3bLm40pm3T8s,Wolfgang Amadeus Mozart;Daniel Barenboim;Berliner Philharmoniker,Mozart: Piano Concertos Nos. 20 & 22,"Mozart: Piano Concerto No. 20 in D Minor, K. 466: III. Allegro assai",24,417666,False,0.356,0.159,2,-20.231,0,0.0379,0.984,0.943,0.151,0.229,71.779,4,classical
DUP-0041,2,16901,3bURbpWSxXGl1R741ekg07,Wolfgang Amadeus Mozart;Mao Fujita,Mozart: The Complete Piano Sonatas,"Piano Sonata No. 3 in B-Flat Major, K. 281: II. Andante amoroso",16,313866,False,0.4,0.0334,3,-26.333,1,0.0502,0.993,0.938,0.11,0.367,94.362,3,classical
DUP-0042,2,16902,04iTE6hn0yvbWHJXkIfLyy,Wolfgang Amadeus Mozart;Ingrid Haebler;Wiener Symphoniker;Christoph von Dohnányi,"Mozart: Piano Concertos Nos. 12, 18 & 19","Piano Concerto No. 18 in B-Flat Major, K. 456: II. Andante un poco sostenuto",7,693666,False,0.21,0.0975,7,-21.648,0,0.0342,0.973,0.879,0.5,0.0832,84.993,4,classical
DUP-0043,2,16903,5VOJiy4ZseTafrksLPCxim,Wolfgang Amadeus Mozart;Ingrid Haebler;London Symphony Orchestra;Sir Colin Davis,Mozart: Piano Concertos Nos. 14-21,"Piano Concerto No. 15 in B-Flat Major, K. 450: II. (Andante)",5,362640,False,0.17,0.045,3,-26.573,1,0.0418,0.99,0.923,0.15,0.0788,56.768,4,classical
DUP-0044,2,16904,6T1t7fOMfVuVpWSe2Z4Pp9,Wolfgang Amadeus Mozart;Ingrid Haebler;London Symphony Orchestra;Sir Colin Davis,Mozart: Piano Concertos Nos. 26 & 27; Rondo in A Major,"Piano Concerto No. 26 in D Major, K. 537 ""Coronation"": II. (Larghetto)",3,410066,False,0.302,0.019,9,-26.351,1,0.0361,0.992,0.915,0.17,0.194,70.075,4,classical
DUP-0045,2,16905,7mOGLFitvkIyK6xix2xo1m,Wolfgang Amadeus Mozart;Ingrid Haebler;Ludwig Hoffmann,Mozart: Complete Variations for Piano,"Sonata for Piano 4 Hands in C Major, K. 19d: III. Rondo (Allegretto)",2,225293,False,0.457,0.0888,0,-24.985,1,0.051,0.992,0.917,0.131,0.391,125.826,4,classical
DUP-0046,2,16906,4JvzS5bLyxDizlP1OTS8EV,Wolfgang Amadeus Mozart;Hilary Hahn;Natalie Zhu,Mozart - A Classical Dawn,"Sonata for Piano and Violin in E Minor, K. 304: II. Tempo di minuetto",3,337586,False,0.347,0.118,4,-21.192,0,0.0416,0.967,0.0612,0.118,0.257,125.78,4,classical
DUP-0047,2,16907,3MpoUs3BBbuxwbnmHIxOJv,Wolfgang Amadeus Mozart;Mitsuko Uchida;Cleveland Orchestra,Mozart: A Night of Classics,"Piano Concerto No. 27 in B-Flat Major, K. 595: 2. Larghetto - Live",7,452706,False,0.18,0.0115,3,-30.172,1,0.0399,0.987,0.851,0.0991,0.0861,70.428,4,classical
DUP-0048,2,16908,5R02WO5PUrHxynXWfheAqN,Wolfgang Amadeus Mozart;Danielle Laval,Mozart: A Night of Classics,"12 Variations on an Allegretto in B Flat, K.500: 6. Variation V",24,45532,False,0.637,0.022,3,-26.353,1,0.0525,0.995,0.909,0.126,0.193,89.78,4,classical
DUP-0049,2,16909,22mK3JHgM6ATUkfI7BHemg,Wolfgang Amadeus Mozart;Danielle Laval,Mozart - Inspiring Classics,"9 Variations on a Minuet by J.P. Duport in D, K.573: 3. Variation II",5,62280,False,0.277,0.177,2,-19.688,1,0.0348,0.974,0.981,0.228,0.85,142.908,3,classical
DUP-0050,2,16910,1lOhnZV1VVicEMHDEsUXVQ,Wolfgang Amadeus Mozart;Erik Smith,Mozart - Inspiring Classics,"Minuet in F, K.1d",3,79360,False,0.478,0.185,5,-16.501,1,0.037,0.693,0.907,0.0665,0.941,103.495,3,classical
DUP-0051,2,16911,0gBtRrMYlHoToeVB3cstKs,Wolfgang Amadeus Mozart;Danielle Laval,Mozart - Inspiring Classics,"12 Variations on an Allegretto in B Flat, K.500: 8. Variation VII",4,65536,False,0.601,0.0588,10,-27.72,0,0.0747,0.995,0.916,0.0899,0.354,125.689,4,classical
DUP-0052,2,16912,38znqxzVreO8WnoEkBIAJI,Wolfgang Amadeus Mozart;Academy of St. Martin in the Fields;Sir Neville Marriner,Mozart - Inspiring Classics,"Symphony No. 22 in C, K.162: 3. Presto assai",1,98506,False,0.494,0.216,0,-17.779,1,0.0452,0.966,0.921,0.115,0.641,76.432,3,classical
DUP-0053,2,16913,3vFLZOEIM1SxKWPvCCKqvg,Wolfgang Amadeus Mozart;Danielle Laval,Mozart - Inspiring Classics,"9 Variations on ‘Lison dormait’ from ‘Julie’ by N. Dezède in C, K.264: 7. Variation VI",4,64492,False,0.326,0.218,0,-19.854,1,0.0345,0.992,0.937,0.178,0.444,142.723,5,classical
DUP-0054,2,16914,4lvfOnCUxyT3aKKamZ3WXu,Wolfgang Amadeus Mozart;Danielle Laval,Mozart - Inspiring Classics,"12 Variations in C Major on ""Ah, vous dirai-je Maman"", K. 265: 11. Variation X",6,41893,False,0.212,0.221,0,-20.543,1,0.0454,0.98,0.96,0.149,0.425,148.759,5,classical
DUP-0055,2,16915,4gvMjEAFf64RJC2XH9j3Ls,Wolfgang Amadeus Mozart;Danielle Laval,Mozart - Inspiring Classics,"9 Variations on ‘Lison dormait’ from ‘Julie’ by N. Dezède in C, K.264: 2. Variation I",3,71560,False,0.272,0.142,0,-22.839,1,0.0337,0.982,0.975,0.188,0.561,63.218,4,classical
DUP-0056,2,16916,73tHDm0hBREbIJU4NrbGKy,Wolfgang Amadeus Mozart;Arthur Grumiaux;Walter Klien,Mozart: A Night of Classics,"Sonata for Piano and Violin in E flat, K.481: 3f. Variation 5",10,75986,False,0.336,0.155,0,-20.784,0,0.0399,0.99,0.791,0.153,0.871,166.114,3,classical
DUP-0057,2,16917,1NoDZgAwhDmLXBdfxaFPVM,Wolfgang Amadeus Mozart;Arthur Grumiaux;Walter Klien,Mozart: A Night of Classics,"Sonata for Piano and Violin in A, K.305: 2e. Variation 4",12,68733,False,0.398,0.113,9,-22.607,1,0.0561,0.973,0.132,0.174,0.369,58.878,4,classical
DUP-0087,2,16918,2vZkRvnwxCLsmzf8oGGBKK,Wolfgang Amadeus Mozart;Wiener Mozart Ensemble;Willi Boskovsky,Mozart: A Night of Classics,6 Minuets K. 105 (attribution doubtful): No. 4 in G Major,6,99000,False,0.502,0.0769,7,-19.183,1,0.0466,0.985,0.423,0.205,0.781,142.069,3,classical
DUP-0058,2,16919,7zo05whm8LBnnt1dG979ov,Wolfgang Amadeus Mozart;Wiener Mozart Ensemble;Willi Boskovsky,Mozart - A Classical Dawn,"Six German Dances, K.571: No. 5 in B Flat Major",3,92000,False,0.539,0.158,10,-15.544,1,0.0356,0.976,0.498,0.151,0.685,88.18,3,classical
DUP-0059,2,16920,4GdCiwOXIpmQGUWl5XBqyr,Wolfgang Amadeus Mozart;Arthur Grumiaux;Walter Klien,Mozart - Inspiring Classics,"6 Variations in G minor for Piano & Violin on ""Hélas, j'ai perdu mon amant"" K.360: Var. I",6,55613,False,0.308,0.0647,7,-24.599,0,0.0446,0.994,0.971,0.178,0.769,179.916,4,classical
DUP-0060,2,16921,2bNeq7dW6z9umgGfHGLdcL,Wolfgang Amadeus Mozart;Gürzenich Orchestra Köln;Günter Wand,Mozart - Inspiring Classics,"Symphony No. 33 in B-Flat Major, K. 319: 2b. Andante moderato - Pt. 2",3,69653,False,0.3,0.0902,10,-19.71,1,0.0392,0.981,0.958,0.395,0.0842,87.475,4,classical
DUP-0061,2,16922,5SBm6jz3bNhnbgerw5sJ9g,Wolfgang Amadeus Mozart;Danielle Laval,Mozart - Inspiring Classics,"8 Variations on ‘Dieu d'amour’ from ‘Les mariages samnites’ by Grétry in F, K.352: 2. Variation I",3,80453,False,0.372,0.076,5,-24.31,1,0.0507,0.995,0.967,0.137,0.553,90.987,1,classical
DUP-0062,2,16923,040CvqW0wo3b77EBRfgC14,Wolfgang Amadeus Mozart;Isabelle van Keulen;Ronald Brautigam,Mozart - A Classical Dawn,"Andante and allegretto for Piano and Violin in C, K.404: 2. Allegretto",6,84653,False,0.446,0.106,7,-21.427,1,0.0459,0.987,0.696,0.101,0.844,157.273,4,classical
DUP-0063,2,16924,2WvKORgp0fzCJAAvG8cN3K,Wolfgang Amadeus Mozart;Academy of St. Martin in the Fields;Sir Neville Marriner,Mozart - A Classical Dawn,"Symphony No. 25 in G minor, K.183: 1. Allegro con brio",3,92986,False,0.374,0.128,7,-17.219,0,0.0338,0.983,0.935,0.0823,0.299,80.516,4,classical
DUP-0064,2,16925,1ghv8smG2wTI2Rhs2eghih,Wolfgang Amadeus Mozart;Claire-Marie Le Guay,Mozart: A Night of Classics,"Piano Sonata No.14 in C Minor, K. 457: 2c. Adagio - Pt. 3",14,64839,False,0.325,0.0109,3,-31.406,1,0.0672,0.996,0.876,0.129,0.612,134.0,4,classical
DUP-0065,2,16926,1SZp7sIqzHHh1YMaMu8FL2,Wolfgang Amadeus Mozart;Danielle Laval,Mozart - A Classical Dawn,"12 Variations on an Allegretto in B Flat, K.500: 11. VariatiIon X",9,64379,False,0.372,0.0722,10,-24.857,1,0.0331,0.993,0.898,0.0886,0.324,100.924,4,classical
DUP-0066,2,16927,227o6yibgqhCnZ4i0w77CE,Wolfgang Amadeus Mozart;András Schiff,Mozart - A Classical Dawn,"Fantasia in C minor, K.475: Allegro",5,88600,False,0.421,0.0837,10,-25.476,1,0.0386,0.993,0.885,0.14,0.125,66.075,4,classical
DUP-0067,2,16928,6hVF0vHExRU8hD7cU8hFqS,Wolfgang Amadeus Mozart;Berliner Philharmoniker;Karl Böhm,Mozart - A Classical Dawn,"Die Zauberflöte, K. 620 / Zweiter Aufzug: Marsch der Priester",4,86333,False,0.248,0.0464,5,-30.37,1,0.0352,0.982,0.952,0.236,0.157,87.447,4,classical
DUP-0068,2,16929,2wBVQEElJpTgXi0Op2yt1P,Wolfgang Amadeus Mozart;Claire-Marie Le Guay,Mozart - All Day Classics,"Piano Sonata No.14 in C Minor, K. 457: 2g. Adagio - Pt. 7",21,48960,False,0.372,0.0183,3,-31.907,1,0.0512,0.994,0.924,0.196,0.369,133.748,4,classical
DUP-0069,2,16930,7wvPoDq2sE2qvRE1Trramr,Wolfgang Amadeus Mozart;New Philharmonia Orchestra;Carlo Maria Giulini,Mozart: A Night of Classics,"Symphony No. 40 In G Minor, K.550: 1. Molto allegro",9,85960,False,0.308,0.128,7,-16.179,0,0.0368,0.929,0.956,0.124,0.294,103.577,4,classical
DUP-0070,2,16931,48Z50XFPDJMdZaSlAX58JP,Wolfgang Amadeus Mozart;Concerto Köln;Werner Ehrhardt,Mozart - A Classical Dawn,"Six German Dances, K.571: No. 4 in G",4,96133,False,0.57,0.177,7,-18.339,1,0.0488,0.963,0.917,0.156,0.515,96.075,1,classical
DUP-0071,2,16932,2ZwjgC6JSTllAAY2lJFXQg,Wolfgang Amadeus Mozart;Hagen Quartett,Mozart - A Classical Dawn,"String Quartet No. 9 in A, K.169: 4. Rondeaux (Allegro)",5,90053,False,0.448,0.113,9,-22.262,1,0.0501,0.979,0.878,0.1,0.792,125.6,4,classical
DUP-0072,2,16933,5FwMLFEARYqd9faHGljjwM,Wolfgang Amadeus Mozart;Erik Smith,Mozart: A Night of Classics,"Andantino in C, K.15b",14,67546,False,0.43,0.363,0,-17.472,1,0.0512,0.909,0.358,0.29,0.395,127.893,4,classical
DUP-0073,2,16934,1QBDI0pYOFgskhDI0C7tKh,Wolfgang Amadeus Mozart;Danielle Laval,Mozart - Inspiring Classics,"8 Variations on ‘Ein Weib ist das herrlichste Ding’ by B. Schack in F, K.613: 4. Variation III",1,94438,False,0.215,0.0904,5,-22.501,1,0.0448,0.992,0.892,0.123,0.465,111.983,5,classical
DUP-0074,2,16935,2YF4qV9DzrcrSyddCkpTxV,Wolfgang Amadeus Mozart;Wiener Mozart Ensemble;Willi Boskovsky,Mozart - A Classical Dawn,"Overture and Three Contredanses, K.106: Contredanse No. 3 in B Flat Major",3,99173,False,0.594,0.118,10,-17.044,1,0.043,0.977,0.367,0.0762,0.588,145.794,4,classical
DUP-0075,2,16936,2lTWvfqX8itVpHvQ8EMhS6,Wolfgang Amadeus Mozart;Academy of St. Martin in the Fields;Sir Neville Marriner,Mozart - All Day Classics,"The London Sketchbook, K. 15a-ss (arr. and/or orch. E. Smith) - Three Contredanses: in F, K.15h",23,47000,False,0.661,0.042,5,-29.017,1,0.0433,0.976,0.968,0.114,0.575,82.314,4,classical
DUP-0076,2,16937,2C9ZfqsCQ2bSI51q4uJHaU,Wolfgang Amadeus Mozart;Florian Birsak,Mozart - All Day Classics,"Modulating Prelude, K.284a/2",24,42586,False,0.534,0.15,0,-14.58,0,0.0422,0.984,0.2,0.248,0.53,84.359,4,classical
DUP-0077,2,16938,2nYrRZDwNr6PozbY68pTF8,Wolfgang Amadeus Mozart;Arthur Grumiaux;Walter Klien,Mozart - All Day Classics,"Sonata for Piano and Violin in E flat, K.481: 3f. Variation 5",9,75986,False,0.336,0.155,0,-20.784,0,0.0399,0.99,0.791,0.153,0.871,166.114,3,classical
DUP-0078,2,16939,1wUCk6Nh4c8XLAG0NdNIU5,Wolfgang Amadeus Mozart;Wiener Mozart Ensemble;Willi Boskovsky,Mozart - All Day Classics,"Overture and Three Contredanses, K.106: Overture in D, K.106",16,59760,False,0.56,0.247,2,-13.534,1,0.0601,0.924,0.957,0.0918,0.69,147.246,4,classical
DUP-0079,2,16940,1AypLOhAhLxEDCOy5XGxLM,Wolfgang Amadeus Mozart;Danielle Laval,Mozart - All Day Classics,"Nine Variations in D, K.573 on a minuet by J.P. Duport: 7a. Variation VI - Pt. 1",16,63893,False,0.457,0.0343,2,-27.041,0,0.0465,0.989,0.953,0.0988,0.435,71.381,3,classical
DUP-0080,2,16941,30Hm5tUVPVoJzGIEBchOT3,Wolfgang Amadeus Mozart;Danielle Laval,Mozart - All Day Classics,"8 Variations on ‘Come un agnello’ by Sarti in A, K.460: 1.Theme",15,64039,False,0.588,0.0235,9,-27.184,1,0.0855,0.994,0.963,0.104,0.502,100.233,4,classical
DUP-0081,2,16942,3b4CT1QcTUXjxxhclNX5UT,Wolfgang Amadeus Mozart;Heinz Holliger;Hermann Baumann;Michel Gasciarrino;Henk Guldemond;Orlando Quartet,Mozart - A Classical Dawn,"Divertimento No. 11 in D, K.251 ""Nannerl-Septett"": 4b. Menuetto (Tema con variazioni): Var. I",6,76533,False,0.673,0.17,9,-16.804,1,0.0408,0.867,0.648,0.108,0.593,116.655,4,classical
DUP-0088,2,16943,2TocLZMOpI8t0fwIYiXRU5,Wolfgang Amadeus Mozart;Mozarteum Orchestra Salzburg;Leopold Hager,Mozart - All Day Classics,"Ascanio in Alba, K.111 / Part 1: Andante grazioso",10,78800,False,0.284,0.0656,7,-22.254,1,0.0398,0.96,0.952,0.305,0.38,84.639,1,classical
DUP-0082,2,16944,7dtxV1gbo3kWHiBhFywD7v,Wolfgang Amadeus Mozart;Karl-Heinz Steffens;Werner Mittelbach;Reinhold Helbich,Mozart - All Day Classics,"14 “Interval” Canons K. 508a/3-8 & K. Deest: Canons Nos. 11-14, K.508a/7-8 & K. Deest",7,90786,False,0.33,0.0423,3,-23.181,1,0.0496,0.99,0.868,0.108,0.284,86.81,4,classical
DUP-0083,2,16946,6nQanke7CG03HzTKpjXlhV,Wolfgang Amadeus Mozart;English Baroque Soloists;John Eliot Gardiner,Mozart - All Day Classics,"Idomeneo, re di Creta, K.366 / Act 3: Marcia - Live",7,83666,False,0.199,0.00734,0,-39.346,1,0.0379,0.805,0.000513,0.542,0.327,94.799,4,classical
DUP-0084,2,16947,03B8ZXUmuDpf59j5PIMFHq,Wolfgang Amadeus Mozart;Heinz Holliger;Academy of St. Martin in the Fields;Kenneth Sillito,Mozart - All Day Classics,"Ma che vi fece... Sperai vicino, K.368: 1. Andantino",7,86160,False,0.29,0.049,5,-24.072,1,0.0555,0.98,0.753,0.108,0.114,76.473,4,classical
DUP-0085,2,16948,7gK2q5m7SDSY4MDPvv3v9c,Wolfgang Amadeus Mozart;Members of the Netherlands Wind Ensemble;Werner Herbers;Carlo Ravelli;Hans Mossel;Hens Otter;Joep Terwey;Kees Olthuis;Iman Soeteman;Jan Peeters;Hans Krul,Mozart - All Day Classics,"Don Giovanni, ossia Il dissoluto punito, K.527 - Arr. for 8 wind instruments by Johann G. Triebensee (1746-1813) - Act 1: ""Madamina, il catalogo è questo""",6,99986,False,0.495,0.144,7,-21.977,1,0.038,0.986,0.847,0.222,0.391,94.024,4,classical
DUP-0086,2,16949,32By63ejJIcJka9uDcO0A9,Wolfgang Amadeus Mozart;Wiener Mozart Ensemble;Willi Boskovsky,Mozart - All Day Classics,"7 Minuets, K.65a: No. 5 in C Major",7,98560,False,0.592,0.0557,0,-20.601,1,0.0493,0.958,0.0373,0.0642,0.709,142.897,1,classical
DUP-0089,2,17800,6b6CdXY3wpG7OFtp6FOwLz,Dustycloud,Golden Hour,Golden Hour,42,269695,False,0.681,0.627,8,-8.842,1,0.159,0.303,7.04e-05,0.245,0.135,125.008,4,club
DUP-0090,2,17813,5CIW5yZEzjsJHI6Nv340Fk,DJ Tray,Can't Wait,Can't Wait,15,135915,False,0.827,0.511,6,-15.485,0,0.0594,0.000929,0.246,0.152,0.494,143.067,4,club
DUP-0091,2,17847,6KQ0HYY0zSZVHIxFvommre,Glee Cast;Jonathan Groff,Glee LGBTQIA+ Pride,Like A Virgin (Glee Cast Version) (feat. Jonathan Groff),15,195093,False,0.679,0.845,4,-3.05,0,0.0478,0.0651,0.0,0.0841,0.763,119.989,4,club
DUP-0089,2,17852,6b6CdXY3wpG7OFtp6FOwLz,Dustycloud,Golden Hour,Golden Hour,42,269695,False,0.681,0.627,8,-8.842,1,0.159,0.303,7.04e-05,0.245,0.135,125.008,4,club
DUP-0092,2,17853,5rOzcHIZaF038jMeHkUZR0,Arca,Arca,Reverie,40,192767,False,0.251,0.554,9,-9.641,0,0.0334,0.0528,0.127,0.188,0.0764,126.224,4,club
DUP-0090,2,17864,5CIW5yZEzjsJHI6Nv340Fk,DJ Tray,Can't Wait,Can't Wait,15,135915,False,0.827,0.511,6,-15.485,0,0.0594,0.000929,0.246,0.152,0.494,143.067,4,club
DUP-0093,2,17891,7ykxRuzU1KhQC2TZ2YDEyK,Organ Tapes,唱着那无人问津的歌谣 / Chang Zhe Na Wu Ren Wen Jin De Ge Yao,ID,15,203541,False,0.194,0.236,4,-13.885,0,0.0353,0.271,0.0275,0.0833,0.07,96.489,4,club
DUP-0091,2,17898,6KQ0HYY0zSZVHIxFvommre,Glee Cast;Jonathan Groff,Glee LGBTQIA+ Pride,Like A Virgin (Glee Cast Version) (feat. Jonathan Groff),15,195093,False,0.679,0.845,4,-3.05,0,0.0478,0.0651,0.0,0.0841,0.763,119.989,4,club
DUP-0092,2,17901,5rOzcHIZaF038jMeHkUZR0,Arca,Arca,Reverie,40,192767,False,0.251,0.554,9,-9.641,0,0.0334,0.0528,0.127,0.188,0.0764,126.224,4,club
DUP-0093,2,17943,7ykxRuzU1KhQC2TZ2YDEyK,Organ Tapes,唱着那无人问津的歌谣 / Chang Zhe Na Wu Ren Wen Jin De Ge Yao,ID,15,203541,False,0.194,0.236,4,-13.885,0,0.0353,0.271,0.0275,0.0833,0.07,96.489,4,club
DUP-0094,2,18405,78LblAd8UBW9GUg9L0Xeld,Tom Papa,Human Mule,Whole Foods vs. Costco,22,201233,False,0.505,0.8,5,-14.198,0,0.95,0.773,0.0,0.688,0.241,86.967,4,comedy
DUP-0094,2,18454,78LblAd8UBW9GUg9L0Xeld,Tom Papa,Human Mule,Whole Foods vs. Costco,22,201233,False,0.505,0.8,5,-14.198,0,0.95,0.773,0.0,0.688,0.241,86.967,4,comedy
DUP-0095,2,18808,3JSltrBE2Pe4lSDOtH5rwO,Ryan Stout,Touché,Logic,20,149506,True,0.526,0.837,1,-8.339,0,0.901,0.738,2.01e-06,0.676,0.363,102.971,3,comedy
DUP-0096,2,18830,4sKqId5IFr8A4CjmdtG01f,Rodney Carrington,Morning Wood,More Of A Man,21,160026,True,0.564,0.437,4,-14.237,1,0.161,0.616,0.0,0.337,0.747,175.27,4,comedy
DUP-0097,2,18834,56KrcJePC8P582pi0P2agY,Gary Gulman,The Great Depresh,In Defense of Millenials,20,245876,True,0.506,0.767,2,-13.045,1,0.929,0.828,0.0,0.403,0.306,100.238,3,comedy
DUP-0095,2,18861,3JSltrBE2Pe4lSDOtH5rwO,Ryan Stout,Touché,Logic,20,149506,True,0.526,0.837,1,-8.339,0,0.901,0.738,2.01e-06,0.676,0.363,102.971,3,comedy
DUP-0096,2,18882,4sKqId5IFr8A4CjmdtG01f,Rodney Carrington,Morning Wood,More Of A Man,21,160026,True,0.564,0.437,4,-14.237,1,0.161,0.616,0.0,0.337,0.747,175.27,4,comedy
DUP-0097,2,18883,56KrcJePC8P582pi0P2agY,Gary Gulman,The Great Depresh,In Defense of Millenials,20,245876,True,0.506,0.767,2,-13.045,1,0.929,0.828,0.0,0.403,0.306,100.238,3,comedy
DUP-0098,2,20035,0kdIImE10HocARiLPkJmQ1,David Guetta;Becky Hill;Ella Henderson,Hit After Hit,Crazy What Love Can Do,0,169756,False,0.601,0.713,4,-3.758,0,0.0449,0.0282,0.0,0.158,0.464,122.872,4,dance
DUP-0099,2,20038,0uzruYGkFgeSevF5kaWq7Y,David Guetta;Becky Hill;Ella Henderson,Daily Pop Mix,Crazy What Love Can Do,0,169756,False,0.601,0.713,4,-3.758,0,0.0449,0.0282,0.0,0.158,0.464,122.872,4,dance
DUP-0100,2,20049,1bBIW9ldf7Ehk0oLeNeTj7,David Guetta;Chris Willis;Fergie;LMFAO,EDM Hits,Gettin' over You - Aviccii's Vocal Mix at Night,0,377013,False,0.624,0.81,1,-8.307,1,0.039,0.00269,0.0186,0.169,0.271,127.989,4,dance
DUP-0101,2,20061,6IVJu4WfDBGvzTnutmc9Py,Bruno Mars;Anderson .Paak;Silk Sonic,Slow Down Soul,Love's Train,5,307014,False,0.71,0.625,6,-9.008,0,0.0295,0.029,1.1e-05,0.108,0.784,140.994,4,dance
DUP-0102,2,20063,4xCM9zy2m4MfsC8EP00rBz,Bruno Mars;Anderson .Paak;Silk Sonic,Hip Hop & R'n'B,Smokin out the Window,0,197442,False,0.627,0.618,2,-8.529,1,0.0437,0.0558,0.0,0.351,0.848,82.03,4,dance
DUP-0103,2,20065,4wvrMJx6Y1Vc5ZZ2KR518W,Bruno Mars;Anderson .Paak;Silk Sonic,New RnB,Skate,0,203122,False,0.708,0.598,5,-8.365,1,0.0291,0.037,0.0,0.17,0.698,112.027,4,dance
DUP-0104,2,20069,04Rwlix3S6i0JeprqsC8Cx,Bruno Mars;Anderson .Paak;Silk Sonic,20's R'n'B,Love's Train,0,307014,False,0.71,0.625,6,-9.008,0,0.0295,0.029,1.1e-05,0.108,0.784,140.994,4,dance
DUP-0105,2,20072,1COGvQEAtPxisowBQjZyZ1,Bruno Mars,Music for Rainy Days,It Will Rain,0,257720,False,0.572,0.835,2,-6.826,1,0.0516,0.337,0.0,0.082,0.468,150.014,4,dance
DUP-0098,2,20082,0kdIImE10HocARiLPkJmQ1,David Guetta;Becky Hill;Ella Henderson,Hit After Hit,Crazy What Love Can Do,0,169756,False,0.601,0.713,4,-3.758,0,0.0449,0.0282,0.0,0.158,0.464,122.872,4,dance
DUP-0099,2,20085,0uzruYGkFgeSevF5kaWq7Y,David Guetta;Becky Hill;Ella Henderson,Daily Pop Mix,Crazy What Love Can Do,0,169756,False,0.601,0.713,4,-3.758,0,0.0449,0.0282,0.0,0.158,0.464,122.872,4,dance
DUP-0100,2,20099,1bBIW9ldf7Ehk0oLeNeTj7,David Guetta;Chris Willis;Fergie;LMFAO,EDM Hits,Gettin' over You - Aviccii's Vocal Mix at Night,0,377013,False,0.624,0.81,1,-8.307,1,0.039,0.00269,0.0186,0.169,0.271,127.989,4,dance
DUP-0101,2,20110,6IVJu4WfDBGvzTnutmc9Py,Bruno Mars;Anderson .Paak;Silk Sonic,Slow Down Soul,Love's Train,5,307014,False,0.71,0.625,6,-9.008,0,0.0295,0.029,1.1e-05,0.108,0.784,140.994,4,dance
DUP-0102,2,20111,4xCM9zy2m4MfsC8EP00rBz,Bruno Mars;Anderson .Paak;Silk Sonic,Hip Hop & R'n'B,Smokin out the Window,0,197442,False,0.627,0.618,2,-8.529,1,0.0437,0.0558,0.0,0.351,0.848,82.03,4,dance
DUP-0103,2,20117,4wvrMJx6Y1Vc5ZZ2KR518W,Bruno Mars;Anderson .Paak;Silk Sonic,New RnB,Skate,0,203122,False,0.708,0.598,5,-8.365,1,0.0291,0.037,0.0,0.17,0.698,112.027,4,dance
DUP-0104,2,20139,04Rwlix3S6i0JeprqsC8Cx,Bruno Mars;Anderson .Paak;Silk Sonic,20's R'n'B,Love's Train,0,307014,False,0.71,0.625,6,-9.008,0,0.0295,0.029,1.1e-05,0.108,0.784,140.994,4,dance
DUP-0105,2,20147,1COGvQEAtPxisowBQjZyZ1,Bruno Mars,Music for Rainy Days,It Will Rain,0,257720,False,0.572,0.835,2,-6.826,1,0.0516,0.337,0.0,0.082,0.468,150.014,4,dance
DUP-0106,2,20183,4FFtbSBa31aw38ld7zW73Z,Lady Gaga,Halloween Party 2022,Poker Face,0,238906,False,0.851,0.818,4,-4.637,1,0.0789,0.112,2.94e-06,0.0945,0.808,119.006,4,dance
DUP-0107,2,20204,3IPpVTudk50Hj4VThfdzBP,Sia,Merry Christmas,Snowman,3,165906,False,0.716,0.511,1,-6.257,1,0.0332,0.483,0.0,0.0928,0.324,104.964,3,dance
DUP-0108,2,20206,0GDAt9fPbs9tPqg2n4ne5u,Charlie Puth;Jung Kook,New Arrivals,Left and Right,0,154486,False,0.881,0.592,2,-4.898,1,0.0324,0.619,1.32e-05,0.0901,0.719,101.058,4,dance
DUP-0109,2,20209,40z4EMfyGwTp5Tk48mu7Os,Charlie Puth,Music for Rainy Days,One Call Away,0,194453,False,0.667,0.613,1,-5.353,1,0.0345,0.4,0.0,0.115,0.472,91.024,4,dance
DUP-0106,2,20247,4FFtbSBa31aw38ld7zW73Z,Lady Gaga,Halloween Party 2022,Poker Face,0,238906,False,0.851,0.818,4,-4.637,1,0.0789,0.112,2.94e-06,0.0945,0.808,119.006,4,dance
DUP-0107,2,20263,3IPpVTudk50Hj4VThfdzBP,Sia,Merry Christmas,Snowman,3,165906,False,0.716,0.511,1,-6.257,1,0.0332,0.483,0.0,0.0928,0.324,104.964,3,dance
DUP-0108,2,20277,0GDAt9fPbs9tPqg2n4ne5u,Charlie Puth;Jung Kook,New Arrivals,Left and Right,0,154486,False,0.881,0.592,2,-4.898,1,0.0324,0.619,1.32e-05,0.0901,0.719,101.058,4,dance
DUP-0109,2,20286,40z4EMfyGwTp5Tk48mu7Os,Charlie Puth,Music for Rainy Days,One Call Away,0,194453,False,0.667,0.613,1,-5.353,1,0.0345,0.4,0.0,0.115,0.472,91.024,4,dance
DUP-0110,2,20309,0tkxzOtc2gvIueuXNFLyfZ,Bebe Rexha;Pink Sweat$;Lunay,20's R'n'B,On the Go,0,179397,False,0.716,0.709,11,-4.683,0,0.0529,0.0749,0.00261,0.182,0.434,100.059,4,dance
DUP-0111,2,20313,6X17fdWVg6fsBPafs32JJi,Bebe Rexha;Pink Sweat$;Lunay,Midnight Music,On the Go,0,179397,False,0.716,0.709,11,-4.683,0,0.0529,0.0749,0.00261,0.182,0.434,100.059,4,dance
DUP-0112,2,20344,2xD97n8xCT3uAQ2Y9O7fcN,Bebe Rexha;David Guetta,EDM Hits,Last Hurrah - David Guetta Remix,0,191868,False,0.682,0.711,11,-6.956,0,0.0534,0.105,1.83e-06,0.21,0.597,91.033,4,dance
DUP-0110,2,20369,0tkxzOtc2gvIueuXNFLyfZ,Bebe Rexha;Pink Sweat$;Lunay,20's R'n'B,On the Go,0,179397,False,0.716,0.709,11,-4.683,0,0.0529,0.0749,0.00261,0.182,0.434,100.059,4,dance
DUP-0111,2,20371,6X17fdWVg6fsBPafs32JJi,Bebe Rexha;Pink Sweat$;Lunay,Midnight Music,On the Go,0,179397,False,0.716,0.709,11,-4.683,0,0.0529,0.0749,0.00261,0.182,0.434,100.059,4,dance
DUP-0113,2,20381,0EpO6LZgIlxTUHE2e1ckCa,Tiësto;Ava Max,Hit After Hit,The Motto,0,164818,False,0.754,0.763,7,-4.627,0,0.0435,0.0301,2.23e-05,0.0901,0.464,117.953,4,dance
DUP-0114,2,20388,4e5s77PZaf4ulqs5bFeik9,Tiësto;Charli XCX,Brandneu Dance,Hot in It,0,129817,False,0.748,0.841,7,-5.08,1,0.177,0.00445,1.33e-06,0.0413,0.717,123.045,4,dance
DUP-0112,2,20397,2xD97n8xCT3uAQ2Y9O7fcN,Bebe Rexha;David Guetta,EDM Hits,Last Hurrah - David Guetta Remix,0,191868,False,0.682,0.711,11,-6.956,0,0.0534,0.105,1.83e-06,0.21,0.597,91.033,4,dance
DUP-0113,2,20432,0EpO6LZgIlxTUHE2e1ckCa,Tiësto;Ava Max,Hit After Hit,The Motto,0,164818,False,0.754,0.763,7,-4.627,0,0.0435,0.0301,2.23e-05,0.0901,0.464,117.953,4,dance
DUP-0114,2,20438,4e5s77PZaf4ulqs5bFeik9,Tiësto;Charli XCX,Brandneu Dance,Hot in It,0,129817,False,0.748,0.841,7,-5.08,1,0.177,0.00445,1.33e-06,0.0413,0.717,123.045,4,dance
DUP-0115,2,20446,3TQmLgeTRbZfabmAEC4Mbe,Kim Petras,Halloween Songs | Witches Hour,There Will Be Blood,2,197651,False,0.563,0.879,0,-4.735,0,0.0907,0.00125,1.76e-05,0.166,0.602,107.013,4,dance
DUP-0116,2,20459,2bIllkzKKCotWs0AuCsIoh,Burna Boy;Wizkid,2Step - Pop R'n'B,B. D’OR,2,189800,False,0.873,0.658,4,-8.031,0,0.108,0.00858,0.0061,0.0999,0.483,104.033,4,dance
DUP-0117,2,20460,7BDQlgM0pemXy3b4AbpBEp,Burna Boy,Good Vibes,Last Last,1,172342,False,0.795,0.565,3,-4.457,0,0.0948,0.131,0.0,0.0802,0.55,87.925,4,dance
DUP-0118,2,20466,5gk0dcTvWZGg7Tlq8PEfNe,Burna Boy;Stormzy,New RnB,Real Life,0,197933,True,0.594,0.568,0,-7.268,1,0.0701,0.147,4.01e-05,0.339,0.407,132.348,5,dance
DUP-0119,2,20470,41cDKFuTigPfBWyLYQKMsO,Burna Boy,New Arrivals,Last Last,0,172342,False,0.795,0.565,3,-4.457,0,0.0948,0.131,0.0,0.0802,0.55,87.925,4,dance
DUP-0120,2,20472,7lvUf1BLEZuuwhbc9xeR12,Burna Boy,Pop Hits Now,Last Last,0,172342,False,0.795,0.565,3,-4.457,0,0.0948,0.131,0.0,0.0802,0.55,87.925,4,dance
DUP-0121,2,20474,2qSnqsLv7b9GbWFhyZJwMM,Burna Boy;Blxst;Kehlani,The Look - R&B Feels,Solid,0,195134,True,0.554,0.509,1,-9.429,1,0.339,0.149,1.86e-05,0.094,0.718,199.874,4,dance
DUP-0122,2,20477,2cFjQQ33h8NiQAKqpJGhgd,Burna Boy,20's R'n'B,Last Last,0,172342,False,0.795,0.565,3,-4.457,0,0.0948,0.131,0.0,0.0802,0.55,87.925,4,dance
DUP-0123,2,20478,0t1CW2tjQq45DEdo7thJo1,Burna Boy,Hip Hop & R'n'B,Last Last,0,172342,False,0.795,0.565,3,-4.457,0,0.0948,0.131,0.0,0.0802,0.55,87.925,4,dance
DUP-0124,2,20480,6WzN3h2OjVhmBwnkUNNiGz,Burna Boy;Ed Sheeran,All That Really Matters - Just Hits,For My Hand,0,159123,False,0.87,0.479,9,-7.779,1,0.165,0.161,0.000157,0.209,0.717,104.059,4,dance
DUP-0125,2,20487,61f7OTlfrjrZqZc8YZtNGd,Burna Boy;Stormzy,CruiseControl: How I Met The Biggest Bird (DJ Mix),Real Life (Mixed),4,124000,True,0.437,0.592,0,-9.726,1,0.299,0.181,6.45e-06,0.331,0.632,75.493,3,dance
DUP-0115,2,20490,3TQmLgeTRbZfabmAEC4Mbe,Kim Petras,Halloween Songs | Witches Hour,There Will Be Blood,2,197651,False,0.563,0.879,0,-4.735,0,0.0907,0.00125,1.76e-05,0.166,0.602,107.013,4,dance
DUP-0126,2,20491,323uxL7lyIOJhkpzZMW5iD,Burna Boy;Lily Allen,Am I Ready - Pop Night Out,Heaven's Gate,0,202446,True,0.845,0.854,4,-5.897,0,0.197,0.0376,1.45e-05,0.343,0.636,102.008,4,dance
DUP-0116,2,20504,2bIllkzKKCotWs0AuCsIoh,Burna Boy;Wizkid,2Step - Pop R'n'B,B. D’OR,2,189800,False,0.873,0.658,4,-8.031,0,0.108,0.00858,0.0061,0.0999,0.483,104.033,4,dance
DUP-0117,2,20505,7BDQlgM0pemXy3b4AbpBEp,Burna Boy,Good Vibes,Last Last,1,172342,False,0.795,0.565,3,-4.457,0,0.0948,0.131,0.0,0.0802,0.55,87.925,4,dance
DUP-0118,2,20509,5gk0dcTvWZGg7Tlq8PEfNe,Burna Boy;Stormzy,New RnB,Real Life,0,197933,True,0.594,0.568,0,-7.268,1,0.0701,0.147,4.01e-05,0.339,0.407,132.348,5,dance
DUP-0120,2,20513,7lvUf1BLEZuuwhbc9xeR12,Burna Boy,Pop Hits Now,Last Last,0,172342,False,0.795,0.565,3,-4.457,0,0.0948,0.131,0.0,0.0802,0.55,87.925,4,dance
DUP-0119,2,20515,41cDKFuTigPfBWyLYQKMsO,Burna Boy,New Arrivals,Last Last,0,172342,False,0.795,0.565,3,-4.457,0,0.0948,0.131,0.0,0.0802,0.55,87.925,4,dance
DUP-0121,2,20516,2qSnqsLv7b9GbWFhyZJwMM,Burna Boy;Blxst;Kehlani,The Look - R&B Feels,Solid,0,195134,True,0.554,0.509,1,-9.429,1,0.339,0.149,1.86e-05,0.094,0.718,199.874,4,dance
DUP-0122,2,20517,2cFjQQ33h8NiQAKqpJGhgd,Burna Boy,20's R'n'B,Last Last,0,172342,False,0.795,0.565,3,-4.457,0,0.0948,0.131,0.0,0.0802,0.55,87.925,4,dance
DUP-0123,2,20518,0t1CW2tjQq45DEdo7thJo1,Burna Boy,Hip Hop & R'n'B,Last Last,0,172342,False,0.795,0.565,3,-4.457,0,0.0948,0.131,0.0,0.0802,0.55,87.925,4,dance
DUP-0124,2,20519,6WzN3h2OjVhmBwnkUNNiGz,Burna Boy;Ed Sheeran,All That Really Matters - Just Hits,For My Hand,0,159123,False,0.87,0.479,9,-7.779,1,0.165,0.161,0.000157,0.209,0.717,104.059,4,dance
DUP-0125,2,20533,61f7OTlfrjrZqZc8YZtNGd,Burna Boy;Stormzy,CruiseControl: How I Met The Biggest Bird (DJ Mix),Real Life (Mixed),4,124000,True,0.437,0.592,0,-9.726,1,0.299,0.181,6.45e-06,0.331,0.632,75.493,3,dance
DUP-0126,2,20537,323uxL7lyIOJhkpzZMW5iD,Burna Boy;Lily Allen,Am I Ready - Pop Night Out,Heaven's Gate,0,202446,True,0.845,0.854,4,-5.897,0,0.197,0.0376,1.45e-05,0.343,0.636,102.008,4,dance
DUP-0127,2,20545,1JaKuvkBdcr6ym021X2Pq6,Avicii;Agnes;Vargas & Lagola,pov: it's 2019,Tough Love,0,191248,False,0.402,0.755,8,-4.837,1,0.043,0.143,0.0,0.357,0.622,108.17,4,dance
DUP-0127,2,20587,1JaKuvkBdcr6ym021X2Pq6,Avicii;Agnes;Vargas & Lagola,pov: it's 2019,Tough Love,0,191248,False,0.402,0.755,8,-4.837,1,0.043,0.143,0.0,0.357,0.622,108.17,4,dance
DUP-0128,2,20591,6KDNxqCFmCGu0yd27xvnSG,Black Eyed Peas,Обратно в клас - pop,I Gotta Feeling,1,289493,False,0.746,0.793,0,-5.725,1,0.0265,0.0519,0.0,0.421,0.656,127.973,4,dance
DUP-0129,2,20626,5fvESB5vBG8Rs3bYkNrbQX,Robin Schulz;Tom Walker,Back to School!,Sun Will Shine,0,201700,False,0.534,0.714,6,-6.347,0,0.0629,0.00633,0.0,0.0879,0.415,125.99,4,dance
DUP-0128,2,20641,6KDNxqCFmCGu0yd27xvnSG,Black Eyed Peas,Обратно в клас - pop,I Gotta Feeling,1,289493,False,0.746,0.793,0,-5.725,1,0.0265,0.0519,0.0,0.421,0.656,127.973,4,dance
DUP-0130,2,20684,0XDo1WmF8c70NuTZcMP2FH,Robin Schulz;David Guetta,WORKOUT MOTIVATION,On Repeat,0,190217,False,0.609,0.801,1,-8.483,0,0.0694,0.0246,0.00255,0.37,0.202,122.958,4,dance
DUP-0129,2,20693,5fvESB5vBG8Rs3bYkNrbQX,Robin Schulz;Tom Walker,Back to School!,Sun Will Shine,0,201700,False,0.534,0.714,6,-6.347,0,0.0629,0.00633,0.0,0.0879,0.415,125.99,4,dance
DUP-0130,2,20735,0XDo1WmF8c70NuTZcMP2FH,Robin Schulz;David Guetta,WORKOUT MOTIVATION,On Repeat,0,190217,False,0.609,0.801,1,-8.483,0,0.0694,0.0246,0.00255,0.37,0.202,122.958,4,dance
DUP-0131,2,20907,7795WJLVKJoAyVoOtCWqXN,Sam Smith,In The Lonely Hour,I'm Not The Only One,88,239316,False,0.677,0.485,5,-5.795,1,0.0361,0.529,2.04e-05,0.0766,0.493,82.001,4,dance
DUP-0132,2,20941,5ECXNOI8OA9Or0JRogCqTK,Flo Rida,Feeling Good,Good Feeling,0,248133,False,0.706,0.89,1,-4.447,0,0.0687,0.0588,0.00288,0.305,0.685,128.012,4,dance
DUP-0131,2,20950,7795WJLVKJoAyVoOtCWqXN,Sam Smith,In The Lonely Hour,I'm Not The Only One,88,239316,False,0.677,0.485,5,-5.795,1,0.0361,0.529,2.04e-05,0.0766,0.493,82.001,4,dance
DUP-0132,2,20980,5ECXNOI8OA9Or0JRogCqTK,Flo Rida,Feeling Good,Good Feeling,0,248133,False,0.706,0.89,1,-4.447,0,0.0687,0.0588,0.00288,0.305,0.685,128.012,4,dance
DUP-0133,2,21630,65VYeetBIq8z0vdDeoTw2l,Mavado,Gangsta For Life: The Symphony Of David Brooks,Squeeze Breast,28,174160,False,0.821,0.666,10,-7.129,0,0.135,0.222,0.0,0.14,0.582,123.815,4,dancehall
DUP-0133,2,21686,65VYeetBIq8z0vdDeoTw2l,Mavado,Gangsta For Life: The Symphony Of David Brooks,Squeeze Breast,28,174160,False,0.821,0.666,10,-7.129,0,0.135,0.222,0.0,0.14,0.582,123.815,4,dancehall
DUP-0134,2,22694,1tljL0wMsgPrmDz3KqpuDT,Nervosa,Perpetual Chaos,Kings of Domination,22,221007,False,0.461,0.933,9,-8.366,1,0.0447,4.05e-06,0.0447,0.13,0.12,139.982,4,death-metal
DUP-0134,2,22748,1tljL0wMsgPrmDz3KqpuDT,Nervosa,Perpetual Chaos,Kings of Domination,22,221007,False,0.461,0.933,9,-8.366,1,0.0447,4.05e-06,0.0447,0.13,0.12,139.982,4,death-metal
DUP-0135,2,23665,0RNdlFw9TaimQ6syL8rgCh,Seizo,Oh Baby,Oh Baby,55,159895,False,0.695,0.8,8,-5.011,1,0.0345,0.0278,0.00118,0.118,0.39,124.022,4,deep-house
DUP-0135,2,23716,0RNdlFw9TaimQ6syL8rgCh,Seizo,Oh Baby,Oh Baby,55,159895,False,0.695,0.8,8,-5.011,1,0.0345,0.0278,0.00118,0.118,0.39,124.022,4,deep-house
DUP-0136,2,23834,6WN6igAeshqOoQu0q2GoJG,Harold van Lennep,Liberation (Re-Edit),Liberation - Re-Edit,54,176156,False,0.656,0.759,3,-8.549,1,0.0926,0.313,0.849,0.135,0.313,103.015,4,deep-house
DUP-0136,2,23883,6WN6igAeshqOoQu0q2GoJG,Harold van Lennep,Liberation (Re-Edit),Liberation - Re-Edit,54,176156,False,0.656,0.759,3,-8.549,1,0.0926,0.313,0.849,0.135,0.313,103.015,4,deep-house
DUP-0137,2,24446,1rMc6JsBrfyLx2wgZGofcK,Theo Parrish,Wuddaji,Radar Detector,8,377286,False,0.798,0.753,1,-7.878,1,0.119,0.0253,0.934,0.106,0.492,121.764,4,detroit-techno
DUP-0137,2,24493,1rMc6JsBrfyLx2wgZGofcK,Theo Parrish,Wuddaji,Radar Detector,8,377286,False,0.798,0.753,1,-7.878,1,0.119,0.0253,0.934,0.106,0.492,121.764,4,detroit-techno
DUP-0138,2,24816,18QDw3hCsKrkPDyTme2kEJ,Aril Brikha,Forever Frost,Tundra - Original Mix,5,406000,False,0.749,0.862,5,-11.073,0,0.0476,0.0206,0.912,0.0312,0.896,125.995,4,detroit-techno
DUP-0138,2,24872,18QDw3hCsKrkPDyTme2kEJ,Aril Brikha,Forever Frost,Tundra - Original Mix,5,406000,False,0.749,0.862,5,-11.073,0,0.0476,0.0206,0.912,0.0312,0.896,125.995,4,detroit-techno
DUP-0139,2,26800,4CGNLY0PVsVGubWkee0lbO,Benny Martin;The Wong Janice,Lovely (Piano & Cello),Lovely - Piano & Cello,38,180931,False,0.307,0.152,4,-16.993,0,0.035,0.983,0.887,0.148,0.167,127.512,4,disney
DUP-0139,2,26850,4CGNLY0PVsVGubWkee0lbO,Benny Martin;The Wong Janice,Lovely (Piano & Cello),Lovely - Piano & Cello,38,180931,False,0.307,0.152,4,-16.993,0,0.035,0.983,0.887,0.148,0.167,127.512,4,disney
DUP-0140,2,27104,1jJiM8kiIRSZ95xhLmoQZr,Delta Heavy;Koven,FEEL,FEEL,52,220711,False,0.45,0.914,9,-0.513,0,0.0376,0.0121,0.000402,0.121,0.424,174.087,4,drum-and-bass
DUP-0140,2,27156,1jJiM8kiIRSZ95xhLmoQZr,Delta Heavy;Koven,FEEL,FEEL,52,220711,False,0.45,0.914,9,-0.513,0,0.0376,0.0121,0.000402,0.121,0.424,174.087,4,drum-and-bass
DUP-0141,2,27693,5fGYsQIipt0ZYwEtcedXDm,High Contrast,Tough Guys Don't Dance,Tread Softly,17,370986,False,0.44,0.968,10,-4.208,0,0.0842,6.56e-05,0.553,0.667,0.092,173.081,4,drum-and-bass
DUP-0142,2,27704,5NOds8na1gzgwXlAo1eGoh,Friction;Poppy Baskcomb,I Need To Feel,I Need To Feel,48,216551,False,0.492,0.918,5,-3.801,0,0.0542,0.00885,0.000662,0.0682,0.0385,173.865,4,drum-and-bass
DUP-0143,2,27730,3lClZfQVRdEHFDSA4LF34K,Netsky;Jimmy Jams,2 Deluxe,Squad Up,16,224639,False,0.513,0.961,7,-3.241,1,0.109,0.0152,2.13e-06,0.173,0.453,87.054,4,drum-and-bass
DUP-0141,2,27743,5fGYsQIipt0ZYwEtcedXDm,High Contrast,Tough Guys Don't Dance,Tread Softly,17,370986,False,0.44,0.968,10,-4.208,0,0.0842,6.56e-05,0.553,0.667,0.092,173.081,4,drum-and-bass
DUP-0142,2,27760,5NOds8na1gzgwXlAo1eGoh,Friction;Poppy Baskcomb,I Need To Feel,I Need To Feel,48,216551,False,0.492,0.918,5,-3.801,0,0.0542,0.00885,0.000662,0.0682,0.0385,173.865,4,drum-and-bass
DUP-0143,2,27784,3lClZfQVRdEHFDSA4LF34K,Netsky;Jimmy Jams,2 Deluxe,Squad Up,16,224639,False,0.513,0.961,7,-3.241,1,0.109,0.0152,2.13e-06,0.173,0.453,87.054,4,drum-and-bass
DUP-0144,2,28629,76Vru4DRz1zPrr1lpdVYaR,Tritonal,Tritonia 399,Tritonia (Tritonia 399) - Round Up,21,58197,False,0.381,0.78,2,-9.573,1,0.288,0.0318,0.0,0.428,0.244,73.557,5,dub
DUP-0144,2,28676,76Vru4DRz1zPrr1lpdVYaR,Tritonal,Tritonia 399,Tritonia (Tritonia 399) - Round Up,21,58197,False,0.381,0.78,2,-9.573,1,0.288,0.0318,0.0,0.428,0.244,73.557,5,dub
DUP-0145,2,29843,1v4wTGL3HAAUDcLjJXiQWG,Extra Terra,Convergence 2045,Cyberpunk,42,218259,False,0.597,0.92,11,-4.524,1,0.0553,0.000247,0.844,0.109,0.135,101.975,4,dubstep
DUP-0145,2,29893,1v4wTGL3HAAUDcLjJXiQWG,Extra Terra,Convergence 2045,Cyberpunk,42,218259,False,0.597,0.92,11,-4.524,1,0.0553,0.000247,0.844,0.109,0.135,101.975,4,dubstep
DUP-0146,2,30136,6j1yDGV547WxP9NZQ44pUd,Avicii,Autopilot,Wake Me Up - Radio Edit,1,246813,False,0.524,0.807,2,-4.16,1,0.0579,0.00415,0.000834,0.212,0.62,124.127,4,edm
DUP-0147,2,30147,2MhZbxhjQf9WunW7Jc4kX4,Avicii,Electro sounds,Wake Me Up - Radio Edit,0,246813,False,0.524,0.807,2,-4.16,1,0.0579,0.00415,0.000834,0.212,0.62,124.127,4,edm
DUP-0146,2,30173,6j1yDGV547WxP9NZQ44pUd,Avicii,Autopilot,Wake Me Up - Radio Edit,1,246813,False,0.524,0.807,2,-4.16,1,0.0579,0.00415,0.000834,0.212,0.62,124.127,4,edm
DUP-0148,2,30194,5JDmVwlWTzbwpxm1Qx9oFh,Robin Schulz;David Guetta,From The Ashes - New Beats,On Repeat,0,190217,False,0.609,0.801,1,-8.483,0,0.0694,0.0246,0.00255,0.37,0.202,122.958,4,edm
DUP-0147,2,30197,2MhZbxhjQf9WunW7Jc4kX4,Avicii,Electro sounds,Wake Me Up - Radio Edit,0,246813,False,0.524,0.807,2,-4.16,1,0.0579,0.00415,0.000834,0.212,0.62,124.127,4,edm
DUP-0148,2,30249,5JDmVwlWTzbwpxm1Qx9oFh,Robin Schulz;David Guetta,From The Ashes - New Beats,On Repeat,0,190217,False,0.609,0.801,1,-8.483,0,0.0694,0.0246,0.00255,0.37,0.202,122.958,4,edm
DUP-0149,2,30710,3jbAzLVcHiI5hYSkcKe1Ty,Martin Garrix;G-Eazy;Sasha Alex Sloan,Love Runs Out (feat. G-Eazy & Sasha Alex Sloan),Love Runs Out (feat. G-Eazy & Sasha Alex Sloan),63,164166,False,0.647,0.642,9,-7.306,0,0.0743,0.262,0.0,0.134,0.48,90.045,4,edm
DUP-0150,2,30735,2SU8oUjV8T8BEKqJYbVFou,Rudimental;Anne-Marie;Tion Wayne,Hot Mix Pop,Come Over,1,206657,False,0.797,0.672,8,-6.135,1,0.0477,0.0442,0.0027,0.149,0.561,131.978,4,edm
DUP-0149,2,30760,3jbAzLVcHiI5hYSkcKe1Ty,Martin Garrix;G-Eazy;Sasha Alex Sloan,Love Runs Out (feat. G-Eazy & Sasha Alex Sloan),Love Runs Out (feat. G-Eazy & Sasha Alex Sloan),63,164166,False,0.647,0.642,9,-7.306,0,0.0743,0.262,0.0,0.134,0.48,90.045,4,edm
DUP-0150,2,30779,2SU8oUjV8T8BEKqJYbVFou,Rudimental;Anne-Marie;Tion Wayne,Hot Mix Pop,Come Over,1,206657,False,0.797,0.672,8,-6.135,1,0.0477,0.0442,0.0027,0.149,0.561,131.978,4,edm
DUP-0151,2,30838,6IBcJbetgmkM0tLna5rq1q,twocolors,pov: it's 2021,Bloodstream,0,180619,False,0.586,0.715,11,-5.962,0,0.159,0.013,1.15e-06,0.54,0.59,120.971,4,edm
DUP-0152,2,30859,7y3c1oJMY1CwwtOZ84Qovu,Regard;Years & Years,Hallucination,Hallucination,74,174794,True,0.687,0.788,6,-5.142,0,0.0352,0.0121,0.0,0.358,0.669,123.02,4,edm
DUP-0151,2,30883,6IBcJbetgmkM0tLna5rq1q,twocolors,pov: it's 2021,Bloodstream,0,180619,False,0.586,0.715,11,-5.962,0,0.159,0.013,1.15e-06,0.54,0.59,120.971,4,edm
DUP-0152,2,30916,7y3c1oJMY1CwwtOZ84Qovu,Regard;Years & Years,Hallucination,Hallucination,74,174794,True,0.687,0.788,6,-5.142,0,0.0352,0.0121,0.0,0.358,0.669,123.02,4,edm
DUP-0153,2,31097,3dJjsWCy6ZwMfw5NbD226G,Wisin & Yandel;Anthony Santos,Reggeaton Imperdible,Noche De Sexo,1,205773,True,0.721,0.714,11,-5.436,0,0.234,0.107,0.0,0.562,0.506,94.002,4,electro
DUP-0153,2,31141,3dJjsWCy6ZwMfw5NbD226G,Wisin & Yandel;Anthony Santos,Reggeaton Imperdible,Noche De Sexo,1,205773,True,0.721,0.714,11,-5.436,0,0.234,0.107,0.0,0.562,0.506,94.002,4,electro
DUP-0154,2,31213,5y0nMZC5kF6uLYaLc97mSo,DJ Snake;J Balvin;Tyga,Fiesta portatil,Loco Contigo,0,185194,False,0.827,0.757,6,-2.985,0,0.0564,0.283,1.56e-06,0.102,0.374,95.983,4,electro
DUP-0154,2,31281,5y0nMZC5kF6uLYaLc97mSo,DJ Snake;J Balvin;Tyga,Fiesta portatil,Loco Contigo,0,185194,False,0.827,0.757,6,-2.985,0,0.0564,0.283,1.56e-06,0.102,0.374,95.983,4,electro
DUP-0155,2,34245,4bLCib4WnSGbkPTx6hln2x,Steely Dan,On air 70's Hits,Reelin' In The Years,0,275466,False,0.52,0.758,2,-9.92,1,0.0363,0.115,0.0,0.109,0.706,135.349,4,folk
DUP-0155,2,34296,4bLCib4WnSGbkPTx6hln2x,Steely Dan,On air 70's Hits,Reelin' In The Years,0,275466,False,0.52,0.758,2,-9.92,1,0.0363,0.115,0.0,0.109,0.706,135.349,4,folk
DUP-0156,2,35520,4DAR1lX8D0pFUWmjrlnMro,Bonde do gato preto,São João do Gato Preto,Fogo Sem Fuzil,40,132075,False,0.71,0.79,8,-2.452,1,0.0641,0.627,0.0,0.0784,0.917,180.26,4,forro
DUP-0156,2,35570,4DAR1lX8D0pFUWmjrlnMro,Bonde do gato preto,São João do Gato Preto,Fogo Sem Fuzil,40,132075,False,0.71,0.79,8,-2.452,1,0.0641,0.627,0.0,0.0784,0.917,180.26,4,forro
DUP-0157,2,35760,6U3aPT60I5xFkVybFIMYrE,Eric Land,Cidade Inteira,Cidade Inteira,38,233546,False,0.419,0.814,7,-7.923,1,0.0386,0.381,0.00742,0.134,0.798,111.982,5,forro
DUP-0157,2,35813,6U3aPT60I5xFkVybFIMYrE,Eric Land,Cidade Inteira,Cidade Inteira,38,233546,False,0.419,0.814,7,-7.923,1,0.0386,0.381,0.00742,0.134,0.798,111.982,5,forro
DUP-0158,2,36727,5uuFQR6tOujYUK5LteeV0Q,Amel Bent,Délit Mineur,Je reste,33,196853,False,0.589,0.715,0,-5.775,1,0.0344,0.286,0.0,0.205,0.628,144.012,4,french
DUP-0158,2,36773,5uuFQR6tOujYUK5LteeV0Q,Amel Bent,Délit Mineur,Je reste,33,196853,False,0.589,0.715,0,-5.775,1,0.0344,0.286,0.0,0.205,0.628,144.012,4,french
DUP-0159,2,39051,623TdbJc1yLr8dIepsFV2v,Zedd;Maren Morris;Grey,Queda poco para la PAES,The Middle,0,184732,False,0.753,0.657,7,-3.061,1,0.045,0.173,0.0,0.112,0.435,107.013,4,german
DUP-0160,2,39054,4HGq8ZzrPOtXxNEXN4XGFu,Zedd;Alessia Cara,Beginner Ride (Mixtape Vol. 1),Stay,0,210400,False,0.689,0.623,5,-5.025,0,0.0621,0.254,0.0,0.113,0.546,101.998,4,german
DUP-0159,2,39102,623TdbJc1yLr8dIepsFV2v,Zedd;Maren Morris;Grey,Queda poco para la PAES,The Middle,0,184732,False,0.753,0.657,7,-3.061,1,0.045,0.173,0.0,0.112,0.435,107.013,4,german
DUP-0160,2,39105,4HGq8ZzrPOtXxNEXN4XGFu,Zedd;Alessia Cara,Beginner Ride (Mixtape Vol. 1),Stay,0,210400,False,0.689,0.623,5,-5.025,0,0.0621,0.254,0.0,0.113,0.546,101.998,4,german
DUP-0161,2,39253,2k07yELPvHZEqwdRzROUpc,Hans Zimmer;Adam Lukas;James Everingham;AURORA,Frozen Planet II (Original Television Soundtrack),Losing Ice,29,146053,False,0.0898,0.232,9,-17.636,0,0.0451,0.743,0.943,0.104,0.0345,85.811,4,german
DUP-0162,2,39265,2XWUx6XUxQ8wssuwKzISgN,Hans Zimmer;Adam Lukas;James Everingham,Frozen Planet II (Original Television Soundtrack),Fidgety Bedfellow,31,109388,False,0.365,0.218,0,-19.379,0,0.0383,0.761,0.799,0.118,0.0572,80.911,5,german
DUP-0163,2,39270,1SqYuY5S4sRHcccnjckhhm,Hans Zimmer;Adam Lukas;James Everingham,Frozen Planet II (Original Television Soundtrack),Hunting Grounds,26,244494,False,0.111,0.284,2,-15.98,1,0.038,0.396,0.95,0.0726,0.0787,180.118,3,german
DUP-0164,2,39275,02KmEChUwcjxG3G29kbLFT,Hans Zimmer;Henning Lohner;Martin Tillman;Fiachra Trench,Hans Zimmer: Epic Scores,Shelter Mountain,16,250520,False,0.144,0.262,9,-21.228,1,0.0641,0.876,0.755,0.144,0.0345,94.43,4,german
DUP-0165,2,39278,3TpjrKlVHnR6KdSPc0CUOn,Hans Zimmer;Adam Lukas;James Everingham;AURORA,Frozen Planet II (Original Television Soundtrack),Scars of the Earth,25,146667,False,0.0608,0.119,5,-20.289,0,0.0421,0.902,0.974,0.087,0.0315,63.661,4,german
DUP-0166,2,39280,5At4JXNbsbGcmPoH67fULT,Hans Zimmer;Lisa Gerrard;Gavin Greenaway;The Lyndhurst Orchestra,Hans Zimmer: Epic Scores,"Secrets - From ""Gladiator"" Soundtrack",24,119293,False,0.166,0.0367,9,-31.02,1,0.0501,0.877,0.987,0.101,0.0266,132.848,3,german
DUP-0167,2,39281,04TwPJDhekbMYYKU5eiOsH,Hans Zimmer,Hans Zimmer: Epic Scores,Main Theme [Rain Man] - Edit,27,288600,False,0.188,0.28,9,-21.957,0,0.0348,0.11,0.878,0.0926,0.177,165.838,4,german
DUP-0168,3,39285,6IzTjoU9t5DiBN4BmiWBB8,Hans Zimmer;Henning Lohner;Martin Tillman;Fiachra Trench,Hans Zimmer: Epic Scores,She Never Sleeps,24,137400,False,0.358,0.136,2,-19.801,1,0.0375,0.0019,0.852,0.253,0.0728,72.661,4,german
DUP-0169,2,39288,3yHLLuFASZSOohpEaiU5V7,Hans Zimmer;Lisa Gerrard;Gavin Greenaway;The Lyndhurst Orchestra,Hans Zimmer: Epic Scores,"Rome Is The Light - From ""Gladiator"" Soundtrack",20,163706,False,0.266,0.34,7,-14.455,1,0.0447,0.609,0.00438,0.11,0.0722,119.053,4,german
DUP-0170,3,39290,0jI5ex80hYYbLQsX3G5Ze7,Hans Zimmer;Henning Lohner;Martin Tillman;Fiachra Trench,Hans Zimmer: Epic Scores,The Well,12,684626,False,0.235,0.0975,9,-25.217,0,0.0345,0.946,0.828,0.107,0.0361,145.033,3,german
DUP-0171,2,39293,6dRsdEZecjy9nbGPYxLaPL,Hans Zimmer;Gavin Greenaway;The Lyndhurst Orchestra,Hans Zimmer: Epic Scores,"Honor Him - From ""Gladiator"" Soundtrack",27,79840,False,0.194,0.105,6,-23.824,0,0.0418,0.857,0.884,0.117,0.0392,68.08,4,german
DUP-0172,2,39294,2W0U2k7mG3pjeavi6FK27N,Hans Zimmer;Lisa Gerrard;Gavin Greenaway;The Lyndhurst Orchestra,Hans Zimmer: Epic Scores,"The General Who Became A Slave - From ""Gladiator"" Soundtrack",20,183293,False,0.259,0.222,6,-22.052,0,0.0313,0.017,0.79,0.112,0.0909,99.882,3,german
DUP-0173,2,39296,2f89mnDIEGKgEwh3l94W7n,Hans Zimmer,Hans Zimmer: Epic Scores,Ashes To Ashes,16,283293,False,0.362,0.395,9,-15.398,1,0.0401,0.151,0.835,0.112,0.0288,99.993,3,german
DUP-0174,3,39298,5sP7Jb0FBF2fatb1CZ3zpa,Hans Zimmer;Lisa Gerrard;Gavin Greenaway;The Lyndhurst Orchestra,Hans Zimmer: Epic Scores,"The Gladiator Waltz - From ""Gladiator"" Soundtrack",12,505200,False,0.339,0.429,8,-15.441,1,0.0472,0.159,0.903,0.109,0.238,171.495,3,german
DUP-0161,2,39301,2k07yELPvHZEqwdRzROUpc,Hans Zimmer;Adam Lukas;James Everingham;AURORA,Frozen Planet II (Original Television Soundtrack),Losing Ice,29,146053,False,0.0898,0.232,9,-17.636,0,0.0451,0.743,0.943,0.104,0.0345,85.811,4,german
DUP-0162,2,39303,2XWUx6XUxQ8wssuwKzISgN,Hans Zimmer;Adam Lukas;James Everingham,Frozen Planet II (Original Television Soundtrack),Fidgety Bedfellow,31,109388,False,0.365,0.218,0,-19.379,0,0.0383,0.761,0.799,0.118,0.0572,80.911,5,german
DUP-0163,2,39304,1SqYuY5S4sRHcccnjckhhm,Hans Zimmer;Adam Lukas;James Everingham,Frozen Planet II (Original Television Soundtrack),Hunting Grounds,26,244494,False,0.111,0.284,2,-15.98,1,0.038,0.396,0.95,0.0726,0.0787,180.118,3,german
DUP-0164,2,39307,02KmEChUwcjxG3G29kbLFT,Hans Zimmer;Henning Lohner;Martin Tillman;Fiachra Trench,Hans Zimmer: Epic Scores,Shelter Mountain,16,250520,False,0.144,0.262,9,-21.228,1,0.0641,0.876,0.755,0.144,0.0345,94.43,4,german
DUP-0167,2,39312,04TwPJDhekbMYYKU5eiOsH,Hans Zimmer,Hans Zimmer: Epic Scores,Main Theme [Rain Man] - Edit,27,288600,False,0.188,0.28,9,-21.957,0,0.0348,0.11,0.878,0.0926,0.177,165.838,4,german
DUP-0168,3,39315,6IzTjoU9t5DiBN4BmiWBB8,Hans Zimmer;Henning Lohner;Martin Tillman;Fiachra Trench,Hans Zimmer: Epic Scores,She Never Sleeps,24,137400,False,0.358,0.136,2,-19.801,1,0.0375,0.0019,0.852,0.253,0.0728,72.661,4,german
DUP-0175,2,39318,0KF7oxjAZ2upNsW6m30iT5,Hans Zimmer;Richard Harvey,Hans Zimmer: Epic Scores,Fructus Gravis,21,169560,False,0.0892,0.117,0,-20.242,1,0.0469,0.591,0.812,0.324,0.0368,72.35,4,german
DUP-0176,2,39320,50XBRLPcMBn5vQFN1m6tLI,Hans Zimmer;Henning Lohner;Martin Tillman;Fiachra Trench,Hans Zimmer: Epic Scores,This Is Going To Hurt,21,167133,False,0.234,0.381,2,-20.132,1,0.0875,0.801,0.87,0.138,0.0384,179.984,3,german
DUP-0169,2,39324,3yHLLuFASZSOohpEaiU5V7,Hans Zimmer;Lisa Gerrard;Gavin Greenaway;The Lyndhurst Orchestra,Hans Zimmer: Epic Scores,"Rome Is The Light - From ""Gladiator"" Soundtrack",20,163706,False,0.266,0.34,7,-14.455,1,0.0447,0.609,0.00438,0.11,0.0722,119.053,4,german
DUP-0177,2,39327,6VLOveGOgEGUwtodsFcXP3,Hans Zimmer,Hans Zimmer: Epic Scores,Mogadishu Blues,21,173520,False,0.489,0.105,7,-20.021,1,0.0442,0.699,0.728,0.0724,0.0806,99.399,4,german
DUP-0178,2,39328,1IwUhWG4Cp5808qsErE7PU,Hans Zimmer;Lisa Gerrard;Gavin Greenaway;The Lyndhurst Orchestra,Hans Zimmer: Epic Scores,"Busy Little Bee - From ""Gladiator"" Soundtrack",18,227800,False,0.109,0.0857,1,-27.12,1,0.0395,0.723,0.294,0.131,0.0353,81.885,4,german
DUP-0170,3,39329,0jI5ex80hYYbLQsX3G5Ze7,Hans Zimmer;Henning Lohner;Martin Tillman;Fiachra Trench,Hans Zimmer: Epic Scores,The Well,12,684626,False,0.235,0.0975,9,-25.217,0,0.0345,0.946,0.828,0.107,0.0361,145.033,3,german
DUP-0179,2,39330,3DKI4ZKPLQb1Pk2uTR1zR0,Hans Zimmer;Richard Harvey,Hans Zimmer: Epic Scores,Rose Of Arimathea,12,491773,False,0.0669,0.021,10,-27.525,1,0.0413,0.922,0.903,0.101,0.0363,74.952,3,german
DUP-0180,2,39332,78inOqr5FIoUQisujuI98j,Hans Zimmer;Lebo Morake;Lebo M.;Keswa,Hans Zimmer: Epic Scores,Lea Halalela [The Lion King],13,359840,False,0.273,0.527,9,-12.993,0,0.0767,0.47,0.000762,0.648,0.242,160.292,4,german
DUP-0181,2,39333,7oWwsoYwHZhfAz54z99k9b,Hans Zimmer;Orchestra,Hans Zimmer: Epic Scores,Suite [Nine Months],11,313880,False,0.0621,0.19,5,-18.785,1,0.0398,0.883,0.853,0.688,0.0518,62.983,4,german
DUP-0171,2,39334,6dRsdEZecjy9nbGPYxLaPL,Hans Zimmer;Gavin Greenaway;The Lyndhurst Orchestra,Hans Zimmer: Epic Scores,"Honor Him - From ""Gladiator"" Soundtrack",27,79840,False,0.194,0.105,6,-23.824,0,0.0418,0.857,0.884,0.117,0.0392,68.08,4,german
DUP-0172,2,39335,2W0U2k7mG3pjeavi6FK27N,Hans Zimmer;Lisa Gerrard;Gavin Greenaway;The Lyndhurst Orchestra,Hans Zimmer: Epic Scores,"The General Who Became A Slave - From ""Gladiator"" Soundtrack",20,183293,False,0.259,0.222,6,-22.052,0,0.0313,0.017,0.79,0.112,0.0909,99.882,3,german
DUP-0173,2,39339,2f89mnDIEGKgEwh3l94W7n,Hans Zimmer,Hans Zimmer: Epic Scores,Ashes To Ashes,16,283293,False,0.362,0.395,9,-15.398,1,0.0401,0.151,0.835,0.112,0.0288,99.993,3,german
DUP-0182,2,39343,6yvP7U0E9awMyxTSSFo2at,Hans Zimmer;Heitor Pereira,Hans Zimmer: Epic Scores,Nyah And Ethan [Mission: Impossible 2],14,407586,False,0.354,0.276,11,-17.697,0,0.0457,0.86,0.883,0.693,0.187,94.46,3,german
DUP-0174,3,39345,5sP7Jb0FBF2fatb1CZ3zpa,Hans Zimmer;Lisa Gerrard;Gavin Greenaway;The Lyndhurst Orchestra,Hans Zimmer: Epic Scores,"The Gladiator Waltz - From ""Gladiator"" Soundtrack",12,505200,False,0.339,0.429,8,-15.441,1,0.0472,0.159,0.903,0.109,0.238,171.495,3,german
DUP-0165,2,39369,3TpjrKlVHnR6KdSPc0CUOn,Hans Zimmer;Adam Lukas;James Everingham;AURORA,Frozen Planet II (Original Television Soundtrack),Scars of the Earth,25,146667,False,0.0608,0.119,5,-20.289,0,0.0421,0.902,0.974,0.087,0.0315,63.661,4,german
DUP-0166,2,39370,5At4JXNbsbGcmPoH67fULT,Hans Zimmer;Lisa Gerrard;Gavin Greenaway;The Lyndhurst Orchestra,Hans Zimmer: Epic Scores,"Secrets - From ""Gladiator"" Soundtrack",24,119293,False,0.166,0.0367,9,-31.02,1,0.0501,0.877,0.987,0.101,0.0266,132.848,3,german
DUP-0168,3,39375,6IzTjoU9t5DiBN4BmiWBB8,Hans Zimmer;Henning Lohner;Martin Tillman;Fiachra Trench,Hans Zimmer: Epic Scores,She Never Sleeps,24,137400,False,0.358,0.136,2,-19.801,1,0.0375,0.0019,0.852,0.253,0.0728,72.661,4,german
DUP-0175,2,39377,0KF7oxjAZ2upNsW6m30iT5,Hans Zimmer;Richard Harvey,Hans Zimmer: Epic Scores,Fructus Gravis,21,169560,False,0.0892,0.117,0,-20.242,1,0.0469,0.591,0.812,0.324,0.0368,72.35,4,german
DUP-0176,2,39378,50XBRLPcMBn5vQFN1m6tLI,Hans Zimmer;Henning Lohner;Martin Tillman;Fiachra Trench,Hans Zimmer: Epic Scores,This Is Going To Hurt,21,167133,False,0.234,0.381,2,-20.132,1,0.0875,0.801,0.87,0.138,0.0384,179.984,3,german
DUP-0177,2,39379,6VLOveGOgEGUwtodsFcXP3,Hans Zimmer,Hans Zimmer: Epic Scores,Mogadishu Blues,21,173520,False,0.489,0.105,7,-20.021,1,0.0442,0.699,0.728,0.0724,0.0806,99.399,4,german
DUP-0178,2,39380,1IwUhWG4Cp5808qsErE7PU,Hans Zimmer;Lisa Gerrard;Gavin Greenaway;The Lyndhurst Orchestra,Hans Zimmer: Epic Scores,"Busy Little Bee - From ""Gladiator"" Soundtrack",18,227800,False,0.109,0.0857,1,-27.12,1,0.0395,0.723,0.294,0.131,0.0353,81.885,4,german
DUP-0170,3,39382,0jI5ex80hYYbLQsX3G5Ze7,Hans Zimmer;Henning Lohner;Martin Tillman;Fiachra Trench,Hans Zimmer: Epic Scores,The Well,12,684626,False,0.235,0.0975,9,-25.217,0,0.0345,0.946,0.828,0.107,0.0361,145.033,3,german
DUP-0179,2,39385,3DKI4ZKPLQb1Pk2uTR1zR0,Hans Zimmer;Richard Harvey,Hans Zimmer: Epic Scores,Rose Of Arimathea,12,491773,False,0.0669,0.021,10,-27.525,1,0.0413,0.922,0.903,0.101,0.0363,74.952,3,german
DUP-0180,2,39386,78inOqr5FIoUQisujuI98j,Hans Zimmer;Lebo Morake;Lebo M.;Keswa,Hans Zimmer: Epic Scores,Lea Halalela [The Lion King],13,359840,False,0.273,0.527,9,-12.993,0,0.0767,0.47,0.000762,0.648,0.242,160.292,4,german
DUP-0181,2,39388,7oWwsoYwHZhfAz54z99k9b,Hans Zimmer;Orchestra,Hans Zimmer: Epic Scores,Suite [Nine Months],11,313880,False,0.0621,0.19,5,-18.785,1,0.0398,0.883,0.853,0.688,0.0518,62.983,4,german
DUP-0182,2,39393,6yvP7U0E9awMyxTSSFo2at,Hans Zimmer;Heitor Pereira,Hans Zimmer: Epic Scores,Nyah And Ethan [Mission: Impossible 2],14,407586,False,0.354,0.276,11,-17.697,0,0.0457,0.86,0.883,0.693,0.187,94.46,3,german
DUP-0174,3,39397,5sP7Jb0FBF2fatb1CZ3zpa,Hans Zimmer;Lisa Gerrard;Gavin Greenaway;The Lyndhurst Orchestra,Hans Zimmer: Epic Scores,"The Gladiator Waltz - From ""Gladiator"" Soundtrack",12,505200,False,0.339,0.429,8,-15.441,1,0.0472,0.159,0.903,0.109,0.238,171.495,3,german
DUP-0183,2,39424,54oEOJSjmvxNN8NzgzDsJq,Sarah Connor,All I Want For Christmas Is You,Christmas In My Heart,0,288440,False,0.649,0.517,9,-5.227,0,0.0273,0.54,0.0,0.0601,0.185,119.968,4,german
DUP-0183,2,39469,54oEOJSjmvxNN8NzgzDsJq,Sarah Connor,All I Want For Christmas Is You,Christmas In My Heart,0,288440,False,0.649,0.517,9,-5.227,0,0.0273,0.54,0.0,0.0601,0.185,119.968,4,german
DUP-0184,2,39473,359PHdNHrEdBeFXzLC7TJJ,Mickie Krause,Ballermann Hits Party 2023,Für Dich,0,229740,False,0.643,0.996,5,-2.635,1,0.0775,0.0059,0.0,0.163,0.382,139.966,4,german
DUP-0185,2,39478,75WqM7UN2eS7Bu7qhJ2UmZ,Mickie Krause,Ernte 2k23,Geh mal Bier hol'n - GmBh,0,187053,False,0.612,0.997,1,-2.524,1,0.204,0.0185,0.0,0.335,0.545,139.989,4,german
DUP-0186,2,39482,1Il91bqC3Foqjfdh1IunFU,Mickie Krause,Best Of Karneval,Mich hat ein Engel geküsst,0,227026,False,0.527,0.993,9,-2.68,1,0.273,0.109,0.0,0.961,0.546,133.135,4,german
DUP-0187,2,39483,2KqyN0BfxznJIeWxGxXHm5,Mickie Krause,Best Of Karneval,"Biste braun, kriegste Fraun - Version 2015",0,185217,False,0.819,0.708,0,-4.706,1,0.0605,0.0157,8.62e-05,0.081,0.363,127.992,4,german
DUP-0184,2,39531,359PHdNHrEdBeFXzLC7TJJ,Mickie Krause,Ballermann Hits Party 2023,Für Dich,0,229740,False,0.643,0.996,5,-2.635,1,0.0775,0.0059,0.0,0.163,0.382,139.966,4,german
DUP-0185,2,39532,75WqM7UN2eS7Bu7qhJ2UmZ,Mickie Krause,Ernte 2k23,Geh mal Bier hol'n - GmBh,0,187053,False,0.612,0.997,1,-2.524,1,0.204,0.0185,0.0,0.335,0.545,139.989,4,german
DUP-0186,2,39536,1Il91bqC3Foqjfdh1IunFU,Mickie Krause,Best Of Karneval,Mich hat ein Engel geküsst,0,227026,False,0.527,0.993,9,-2.68,1,0.273,0.109,0.0,0.961,0.546,133.135,4,german
DUP-0187,2,39537,2KqyN0BfxznJIeWxGxXHm5,Mickie Krause,Best Of Karneval,"Biste braun, kriegste Fraun - Version 2015",0,185217,False,0.819,0.708,0,-4.706,1,0.0605,0.0157,8.62e-05,0.081,0.363,127.992,4,german
DUP-0188,2,39733,3KN8XPsoTfqgBROxNW6Gce,K.I.Z,Hahnenkampf,Ellenbogengesellschaft (Pogen),40,221853,False,0.612,0.737,7,-6.332,1,0.322,0.0122,0.0,0.08,0.597,182.177,4,german
DUP-0189,2,39760,1YOjbom11usDpFDWNuX2dM,Nizi19;Karamel19,Pass,Pass,38,163000,True,0.736,0.664,1,-7.118,0,0.309,0.116,0.0,0.107,0.603,130.064,4,german
DUP-0188,2,39781,3KN8XPsoTfqgBROxNW6Gce,K.I.Z,Hahnenkampf,Ellenbogengesellschaft (Pogen),40,221853,False,0.612,0.737,7,-6.332,1,0.322,0.0122,0.0,0.08,0.597,182.177,4,german
DUP-0190,2,39795,6WZgvrMyl5WHchJ2YBcEwH,Sean Finn;Amanda Wilson;Vol2Cat,"Naked House, Vol. 3",For Tonight - Vol2Cat Remix,0,238285,False,0.747,0.728,4,-4.785,0,0.0521,0.0376,0.0173,0.0714,0.694,125.996,4,german
DUP-0191,2,39798,0uQDZlrvOS4ZuKhJulZUdO,Sean Finn;David Moore,"Swanky Club House, Vol. 1",Let You Go - Radio-Edit,0,228810,False,0.746,0.642,0,-4.534,1,0.0413,0.000962,0.0043,0.0508,0.819,127.994,4,german
DUP-0189,2,39811,1YOjbom11usDpFDWNuX2dM,Nizi19;Karamel19,Pass,Pass,38,163000,True,0.736,0.664,1,-7.118,0,0.309,0.116,0.0,0.107,0.603,130.064,4,german
DUP-0190,2,39841,6WZgvrMyl5WHchJ2YBcEwH,Sean Finn;Amanda Wilson;Vol2Cat,"Naked House, Vol. 3",For Tonight - Vol2Cat Remix,0,238285,False,0.747,0.728,4,-4.785,0,0.0521,0.0376,0.0173,0.0714,0.694,125.996,4,german
DUP-0191,2,39844,0uQDZlrvOS4ZuKhJulZUdO,Sean Finn;David Moore,"Swanky Club House, Vol. 1",Let You Go - Radio-Edit,0,228810,False,0.746,0.642,0,-4.534,1,0.0413,0.000962,0.0043,0.0508,0.819,127.994,4,german
DUP-0192,2,39884,3D3B4x1xSCyZkFwxuTvCSr,Tube & Berger;Alegant,"Disco Disko, Vol. 2",Come Closer Girl - Retrolove Edit,0,178264,False,0.626,0.809,8,-6.709,0,0.0364,0.00187,0.153,0.429,0.383,123.983,4,german
DUP-0192,2,39928,3D3B4x1xSCyZkFwxuTvCSr,Tube & Berger;Alegant,"Disco Disko, Vol. 2",Come Closer Girl - Retrolove Edit,0,178264,False,0.626,0.809,8,-6.709,0,0.0364,0.00187,0.153,0.429,0.383,123.983,4,german
DUP-0193,2,40541,07rWaFwTzLkyWg2zfQ30ni,Sérgio Lopes,O Amor de Deus,Entre Nós Outra Vez,40,374400,False,0.474,0.499,9,-9.081,0,0.0286,0.499,3.74e-06,0.656,0.161,76.021,4,gospel
DUP-0193,2,40589,07rWaFwTzLkyWg2zfQ30ni,Sérgio Lopes,O Amor de Deus,Entre Nós Outra Vez,40,374400,False,0.474,0.499,9,-9.081,0,0.0286,0.499,3.74e-06,0.656,0.161,76.021,4,gospel
DUP-0194,2,41369,46IooGCO1Djy8X4a5Rm7yG,Roffe Ruff,Och han älskade dom alla,Krokodiltårar,25,179500,False,0.8,0.631,1,-7.011,1,0.211,0.104,0.0,0.366,0.67,83.004,4,goth
DUP-0194,2,41421,46IooGCO1Djy8X4a5Rm7yG,Roffe Ruff,Och han älskade dom alla,Krokodiltårar,25,179500,False,0.8,0.631,1,-7.011,1,0.211,0.104,0.0,0.366,0.67,83.004,4,goth
DUP-0195,2,42383,6FBOCvFNx6C0f6tW6WrqoK,Napalm Death,From Enslavement To Obliteration,Mentally Murdered,13,133893,False,0.177,0.89,2,-8.5,1,0.0519,1.3e-06,0.952,0.186,0.482,106.17,4,grindcore
DUP-0195,2,42440,6FBOCvFNx6C0f6tW6WrqoK,Napalm Death,From Enslavement To Obliteration,Mentally Murdered,13,133893,False,0.177,0.89,2,-8.5,1,0.0519,1.3e-06,0.952,0.186,0.482,106.17,4,grindcore
DUP-0196,2,42808,66NRh7qjqbU0GaIuuK8NyP,Brutal Truth,Sounds of the Animal Kingdom / Kill Trend Suicide,K.A.P.,12,83240,False,0.144,0.837,2,-3.044,1,0.0829,3.11e-06,0.887,0.682,0.0306,94.099,4,grindcore
DUP-0196,2,42857,66NRh7qjqbU0GaIuuK8NyP,Brutal Truth,Sounds of the Animal Kingdom / Kill Trend Suicide,K.A.P.,12,83240,False,0.144,0.837,2,-3.044,1,0.0829,3.11e-06,0.887,0.682,0.0306,94.099,4,grindcore
DUP-0197,2,43447,6qrjTwGCB0fnixuaXi7JLQ,Novo Som;Catedral,Mais Que Amigos = Irmãos (Ao Vivo),Escrevi - Ao Vivo,29,301306,False,0.262,0.736,0,-4.306,1,0.036,0.155,0.0,0.811,0.217,140.322,4,groove
DUP-0197,2,43497,6qrjTwGCB0fnixuaXi7JLQ,Novo Som;Catedral,Mais Que Amigos = Irmãos (Ao Vivo),Escrevi - Ao Vivo,29,301306,False,0.262,0.736,0,-4.306,1,0.036,0.155,0.0,0.811,0.217,140.322,4,groove
DUP-0198,2,43702,7A9EaHBlR4gLqDzeJGumYa,Mpirgkel,Bubbles (Radio Mix),Bubbles - Radio Mix,39,166857,False,0.733,0.458,4,-12.526,0,0.105,0.166,1.37e-05,0.0868,0.166,104.981,4,groove
DUP-0198,2,43760,7A9EaHBlR4gLqDzeJGumYa,Mpirgkel,Bubbles (Radio Mix),Bubbles - Radio Mix,39,166857,False,0.733,0.458,4,-12.526,0,0.105,0.166,1.37e-05,0.0868,0.166,104.981,4,groove
DUP-0199,2,44835,0dIipTYASaFwX1QxVrVFV7,Pearl Jam,Yield,Do the Evolution,61,231253,False,0.466,0.981,10,-5.011,1,0.063,0.00041,0.0108,0.0673,0.325,140.643,4,grunge
DUP-0199,2,44878,0dIipTYASaFwX1QxVrVFV7,Pearl Jam,Yield,Do the Evolution,61,231253,False,0.466,0.981,10,-5.011,1,0.063,0.00041,0.0108,0.0673,0.325,140.643,4,grunge
DUP-0200,2,45224,2269gvVfETAflSDZIlvqN6,Little Symphony,Serenity,Keyne,27,49523,False,0.199,0.118,0,-23.407,1,0.0546,0.608,0.602,0.118,0.164,123.353,5,guitar
DUP-0200,2,45276,2269gvVfETAflSDZIlvqN6,Little Symphony,Serenity,Keyne,27,49523,False,0.199,0.118,0,-23.407,1,0.0546,0.608,0.602,0.118,0.164,123.353,5,guitar
DUP-0201,2,46360,0gdt4Gs2hRmOm7kbKXhXVj,DJ Isaac,Go Insane,Go Insane (Original Radio Mix),21,209890,False,0.703,0.981,6,-5.76,1,0.187,0.000689,0.439,0.0832,0.109,141.007,4,happy
DUP-0201,2,46406,0gdt4Gs2hRmOm7kbKXhXVj,DJ Isaac,Go Insane,Go Insane (Original Radio Mix),21,209890,False,0.703,0.981,6,-5.76,1,0.187,0.000689,0.439,0.0832,0.109,141.007,4,happy
DUP-0202,2,47484,17lu4tymfnhmcIDlzBbtAb,AC/DC,For Those About to Rock (We Salute You),For Those About to Rock (We Salute You),67,344240,False,0.37,0.919,4,-5.721,1,0.102,0.000376,0.419,0.49,0.471,134.021,4,hard-rock
DUP-0202,2,47526,17lu4tymfnhmcIDlzBbtAb,AC/DC,For Those About to Rock (We Salute You),For Those About to Rock (We Salute You),67,344240,False,0.37,0.919,4,-5.721,1,0.102,0.000376,0.419,0.49,0.471,134.021,4,hard-rock
DUP-0203,2,47885,7b4yGtR0rujvLi5EBfKKJ2,Eddie Money,Can't Hold Back,Take Me Home Tonight,70,211160,False,0.608,0.768,1,-9.911,1,0.0364,0.101,1.41e-06,0.0942,0.748,132.699,4,hard-rock
DUP-0203,2,47928,7b4yGtR0rujvLi5EBfKKJ2,Eddie Money,Can't Hold Back,Take Me Home Tonight,70,211160,False,0.608,0.768,1,-9.911,1,0.0364,0.101,1.41e-06,0.0942,0.748,132.699,4,hard-rock
DUP-0204,2,48739,7vDaCNHW2KUUNZrxiYeRnD,He Is Legend,It Hates You,Everyone I Know Has Fangs,30,205786,False,0.337,0.966,1,-4.816,1,0.167,1.75e-05,0.731,0.182,0.567,176.003,4,hardcore
DUP-0204,2,48789,7vDaCNHW2KUUNZrxiYeRnD,He Is Legend,It Hates You,Everyone I Know Has Fangs,30,205786,False,0.337,0.966,1,-4.816,1,0.167,1.75e-05,0.731,0.182,0.567,176.003,4,hardcore
DUP-0205,2,49607,0aSdsoufzNzGKFkRTkBYzM,Gunz For Hire,Bella Ciao,Bella Ciao,52,198271,False,0.345,0.954,10,-1.337,0,0.181,0.0143,0.0,0.11,0.246,77.411,4,hardstyle
DUP-0206,2,49632,6ra25IjyymNXs7FIurUj5o,D-Block & S-te-Fan,Music Made Addictz,Dreamers Of Dreamz,21,243082,False,0.552,0.921,10,-5.881,0,0.04,0.000758,0.802,0.259,0.193,147.994,4,hardstyle
DUP-0205,2,49657,0aSdsoufzNzGKFkRTkBYzM,Gunz For Hire,Bella Ciao,Bella Ciao,52,198271,False,0.345,0.954,10,-1.337,0,0.181,0.0143,0.0,0.11,0.246,77.411,4,hardstyle
DUP-0206,2,49677,6ra25IjyymNXs7FIurUj5o,D-Block & S-te-Fan,Music Made Addictz,Dreamers Of Dreamz,21,243082,False,0.552,0.921,10,-5.881,0,0.04,0.000758,0.802,0.259,0.193,147.994,4,hardstyle
DUP-0207,2,50769,204523f9MSgEfc0oDJycNS,Accept,Restless And Wild,Fast as a Shark,49,228666,False,0.431,0.95,2,-11.399,1,0.117,0.000109,0.248,0.232,0.162,140.044,4,heavy-metal
DUP-0207,2,50826,204523f9MSgEfc0oDJycNS,Accept,Restless And Wild,Fast as a Shark,49,228666,False,0.431,0.95,2,-11.399,1,0.117,0.000109,0.248,0.232,0.162,140.044,4,heavy-metal
DUP-0208,2,50900,0zLv81RNFByXTZ3wu91y1R,Rata Blanca,"Col 2x1: Magos, Espadas Y Rosas / Guerrero Del Arco Iris",Mujer Amante,50,363120,False,0.497,0.649,11,-10.205,0,0.0334,0.0145,3.78e-06,0.0477,0.567,115.357,4,heavy-metal
DUP-0208,2,50957,0zLv81RNFByXTZ3wu91y1R,Rata Blanca,"Col 2x1: Magos, Espadas Y Rosas / Guerrero Del Arco Iris",Mujer Amante,50,363120,False,0.497,0.649,11,-10.205,0,0.0334,0.0145,3.78e-06,0.0477,0.567,115.357,4,heavy-metal
DUP-0209,2,51175,1rhSz40cKH9mzrlJKhg0E4,Daddy Yankee;Plan B,FELIZ CUMPLEAÑOS,Sábado Rebelde,7,240266,False,0.771,0.905,6,-3.268,0,0.155,0.11,7.46e-06,0.656,0.858,163.978,4,hip-hop
DUP-0210,2,51182,1dVZeuQFWzSI22d3hPEncI,Daddy Yankee;El Alfa;Lil Jon,Feliz Cumpleaños con Perreo,BOMBÓN,8,182413,True,0.843,0.789,7,-2.801,1,0.247,0.0028,2.41e-05,0.0322,0.571,125.071,4,hip-hop
DUP-0211,2,51196,2T1SNgLERipx3n6iVTeHZA,Daddy Yankee;Nicky Jam;Plan B;Rome & Urba,Halloween 2022 Perreo Vol. 1,Shaky Shaky - Remix,4,234560,False,0.813,0.786,6,-4.133,0,0.154,0.107,0.0,0.238,0.828,175.908,4,hip-hop
DUP-0209,2,51212,1rhSz40cKH9mzrlJKhg0E4,Daddy Yankee;Plan B,FELIZ CUMPLEAÑOS,Sábado Rebelde,7,240266,False,0.771,0.905,6,-3.268,0,0.155,0.11,7.46e-06,0.656,0.858,163.978,4,hip-hop
DUP-0210,2,51221,1dVZeuQFWzSI22d3hPEncI,Daddy Yankee;El Alfa;Lil Jon,Feliz Cumpleaños con Perreo,BOMBÓN,8,182413,True,0.843,0.789,7,-2.801,1,0.247,0.0028,2.41e-05,0.0322,0.571,125.071,4,hip-hop
DUP-0211,2,51237,2T1SNgLERipx3n6iVTeHZA,Daddy Yankee;Nicky Jam;Plan B;Rome & Urba,Halloween 2022 Perreo Vol. 1,Shaky Shaky - Remix,4,234560,False,0.813,0.786,6,-4.133,0,0.154,0.107,0.0,0.238,0.828,175.908,4,hip-hop
DUP-0212,2,51578,5oibpY8nzNR2uCPKMzLeK0,Kodak Black,Walk in the Park Rap,Calling My Spirit,0,152000,False,0.918,0.362,1,-9.943,1,0.0905,0.116,0.0,0.263,0.744,120.007,4,hip-hop
DUP-0212,2,51641,5oibpY8nzNR2uCPKMzLeK0,Kodak Black,Walk in the Park Rap,Calling My Spirit,0,152000,False,0.918,0.362,1,-9.943,1,0.0905,0.116,0.0,0.263,0.744,120.007,4,hip-hop
DUP-0213,2,51831,5Re7Mp8Bh2ldBx61DSxU0M,Lizzo,Pop Brandneu,About Damn Time,0,191822,True,0.836,0.743,10,-6.305,0,0.0656,0.0995,0.0,0.335,0.722,108.966,4,hip-hop
DUP-0214,2,51840,57gHJpELHEZjwbgnkAV90t,Lizzo,The Look - R&B Feels,Special,0,174398,True,0.517,0.707,7,-5.474,1,0.0693,0.0164,0.0,0.453,0.264,82.859,4,hip-hop
DUP-0215,2,51845,7AvznBJ8YXUMZ8rPTukUAJ,Lizzo,Good Enough - Easy Pop,Truth Hurts,0,173325,True,0.715,0.622,4,-3.046,0,0.111,0.11,0.0,0.123,0.407,158.088,4,hip-hop
DUP-0216,2,51846,6d9PUQV8z4XFFot8HVlrBY,Lizzo,Upbeat Pop,2 Be Loved (Am I Ready),0,187107,False,0.721,0.769,7,-4.111,1,0.105,0.0922,0.0,0.0817,0.915,155.932,4,hip-hop
DUP-0217,2,51849,3uRrymHwcED49Q4fAnJJgD,Lizzo;DaBaby,Energy Hip Hop,Truth Hurts - DaBaby Remix,0,197610,True,0.706,0.627,4,-2.94,0,0.202,0.193,0.0,0.126,0.38,158.041,4,hip-hop
DUP-0213,2,51873,5Re7Mp8Bh2ldBx61DSxU0M,Lizzo,Pop Brandneu,About Damn Time,0,191822,True,0.836,0.743,10,-6.305,0,0.0656,0.0995,0.0,0.335,0.722,108.966,4,hip-hop
DUP-0214,2,51886,57gHJpELHEZjwbgnkAV90t,Lizzo,The Look - R&B Feels,Special,0,174398,True,0.517,0.707,7,-5.474,1,0.0693,0.0164,0.0,0.453,0.264,82.859,4,hip-hop
DUP-0215,2,51895,7AvznBJ8YXUMZ8rPTukUAJ,Lizzo,Good Enough - Easy Pop,Truth Hurts,0,173325,True,0.715,0.622,4,-3.046,0,0.111,0.11,0.0,0.123,0.407,158.088,4,hip-hop
DUP-0216,2,51896,6d9PUQV8z4XFFot8HVlrBY,Lizzo,Upbeat Pop,2 Be Loved (Am I Ready),0,187107,False,0.721,0.769,7,-4.111,1,0.105,0.0922,0.0,0.0817,0.915,155.932,4,hip-hop
DUP-0217,2,51899,3uRrymHwcED49Q4fAnJJgD,Lizzo;DaBaby,Energy Hip Hop,Truth Hurts - DaBaby Remix,0,197610,True,0.706,0.627,4,-2.94,0,0.202,0.193,0.0,0.126,0.38,158.041,4,hip-hop
DUP-0218,2,52363,5K9SD8F6EysPm6tI7nX0pe,Pete Bernhard,Harmony Ascension Division,Can't Find You,14,208266,False,0.628,0.274,0,-13.506,1,0.0353,0.847,0.000233,0.118,0.237,152.074,4,honky-tonk
DUP-0219,2,52387,1Gq8yiUXhSwGeds7X7VyWW,George Jones,More Starday & Musicor Originals,Sometimes You Just Can't Win,13,142880,False,0.43,0.139,5,-18.666,1,0.0283,0.852,0.00316,0.113,0.298,73.426,4,honky-tonk
DUP-0218,2,52412,5K9SD8F6EysPm6tI7nX0pe,Pete Bernhard,Harmony Ascension Division,Can't Find You,14,208266,False,0.628,0.274,0,-13.506,1,0.0353,0.847,0.000233,0.118,0.237,152.074,4,honky-tonk
DUP-0219,2,52434,1Gq8yiUXhSwGeds7X7VyWW,George Jones,More Starday & Musicor Originals,Sometimes You Just Can't Win,13,142880,False,0.43,0.139,5,-18.666,1,0.0283,0.852,0.00316,0.113,0.298,73.426,4,honky-tonk
DUP-0220,2,52511,7o68KX6XyCS9lydBTH6TCP,George Jones,Best Of,White Lightning - Single Version,52,165453,False,0.583,0.8,10,-9.689,1,0.0909,0.706,0.0,0.122,0.958,74.056,4,honky-tonk
DUP-0221,2,52520,7zBY3YjvcdkpbHIUx0fe5Q,Hank Williams,Hank Williams As Luke The Drifter (Expanded Edition),Everything's Okay,12,172026,False,0.607,0.378,7,-13.581,1,0.148,0.837,0.0,0.0752,0.87,73.728,4,honky-tonk
DUP-0222,2,52525,53oMTo3YvCRB4mDmqCck2p,George Jones,Greatest Hits from the King of Country,A Lifetime to Regret,13,164000,False,0.462,0.366,5,-10.908,1,0.0271,0.866,0.00982,0.115,0.669,108.042,4,honky-tonk
DUP-0220,2,52560,7o68KX6XyCS9lydBTH6TCP,George Jones,Best Of,White Lightning - Single Version,52,165453,False,0.583,0.8,10,-9.689,1,0.0909,0.706,0.0,0.122,0.958,74.056,4,honky-tonk
DUP-0221,2,52570,7zBY3YjvcdkpbHIUx0fe5Q,Hank Williams,Hank Williams As Luke The Drifter (Expanded Edition),Everything's Okay,12,172026,False,0.607,0.378,7,-13.581,1,0.148,0.837,0.0,0.0752,0.87,73.728,4,honky-tonk
DUP-0222,2,52576,53oMTo3YvCRB4mDmqCck2p,George Jones,Greatest Hits from the King of Country,A Lifetime to Regret,13,164000,False,0.462,0.366,5,-10.908,1,0.0271,0.866,0.00982,0.115,0.669,108.042,4,honky-tonk
DUP-0223,2,52680,1M63dvMiyRk0T4rPLfhHa1,George Jones,All-Time Greats (Original Musicor Records Recordings),The Race Is On,11,126466,False,0.651,0.461,9,-13.706,1,0.0376,0.711,0.0,0.185,0.915,88.097,4,honky-tonk
DUP-0224,2,52706,66hVH7Tdw3RJ6X97QkTLkF,George Jones,George Jones - Duets From Musicor Records (Original Musicor Records Recordings),Party Pickin',11,146213,False,0.791,0.451,2,-13.314,1,0.038,0.807,0.0,0.134,0.965,127.328,4,honky-tonk
DUP-0225,2,52714,00JZ83w0Qm09f4PwWj06sM,George Jones,With Love,A Good Year For The Roses,12,190546,False,0.491,0.334,11,-9.684,1,0.0287,0.659,1.6e-05,0.116,0.249,91.674,4,honky-tonk
DUP-0226,2,52716,5cA8x7k6EEHgCfg5bN9xK3,Hank Williams;Drifting Cowboys,The Original Singles Collection . . . Plus,I Saw The Light,11,164800,False,0.341,0.244,7,-12.502,1,0.032,0.948,9.45e-05,0.221,0.526,204.288,4,honky-tonk
DUP-0227,2,52722,4RRWdUBfKdN8SdPOIiu9by,George Jones,Too Wild Too Long,New Patches,11,193373,False,0.618,0.342,0,-13.925,1,0.0292,0.345,0.000451,0.104,0.425,108.177,4,honky-tonk
DUP-0223,2,52727,1M63dvMiyRk0T4rPLfhHa1,George Jones,All-Time Greats (Original Musicor Records Recordings),The Race Is On,11,126466,False,0.651,0.461,9,-13.706,1,0.0376,0.711,0.0,0.185,0.915,88.097,4,honky-tonk
DUP-0228,2,52729,2CzSTQKg7RNomVePzk2NN9,George Jones,Wrong Number,I Can't Get Used To Being Lonely,12,156120,False,0.496,0.193,10,-14.424,1,0.0292,0.817,0.0,0.189,0.51,109.141,4,honky-tonk
DUP-0229,2,52733,3yTH2SF9KL6mQwVxezaBKN,George Jones,Fine Country Wine,Heartaches And Hangovers,12,134666,False,0.483,0.533,9,-12.519,1,0.0424,0.403,0.0,0.238,0.852,156.817,4,honky-tonk
DUP-0224,2,52753,66hVH7Tdw3RJ6X97QkTLkF,George Jones,George Jones - Duets From Musicor Records (Original Musicor Records Recordings),Party Pickin',11,146213,False,0.791,0.451,2,-13.314,1,0.038,0.807,0.0,0.134,0.965,127.328,4,honky-tonk
DUP-0225,2,52766,00JZ83w0Qm09f4PwWj06sM,George Jones,With Love,A Good Year For The Roses,12,190546,False,0.491,0.334,11,-9.684,1,0.0287,0.659,1.6e-05,0.116,0.249,91.674,4,honky-tonk
DUP-0226,2,52771,5cA8x7k6EEHgCfg5bN9xK3,Hank Williams;Drifting Cowboys,The Original Singles Collection . . . Plus,I Saw The Light,11,164800,False,0.341,0.244,7,-12.502,1,0.032,0.948,9.45e-05,0.221,0.526,204.288,4,honky-tonk
DUP-0227,2,52781,4RRWdUBfKdN8SdPOIiu9by,George Jones,Too Wild Too Long,New Patches,11,193373,False,0.618,0.342,0,-13.925,1,0.0292,0.345,0.000451,0.104,0.425,108.177,4,honky-tonk
DUP-0228,2,52785,2CzSTQKg7RNomVePzk2NN9,George Jones,Wrong Number,I Can't Get Used To Being Lonely,12,156120,False,0.496,0.193,10,-14.424,1,0.0292,0.817,0.0,0.189,0.51,109.141,4,honky-tonk
DUP-0229,2,52790,3yTH2SF9KL6mQwVxezaBKN,George Jones,Fine Country Wine,Heartaches And Hangovers,12,134666,False,0.483,0.533,9,-12.519,1,0.0424,0.403,0.0,0.238,0.852,156.817,4,honky-tonk
DUP-0230,2,52904,2zhL0n71GK0lhgDc83VT9A,Pete Bernhard,Harmony Ascension Division,Long Night,10,184973,False,0.805,0.273,4,-15.269,1,0.0629,0.864,0.000226,0.108,0.265,115.048,4,honky-tonk
DUP-0231,2,52909,4fVI8mVwMG6MtcoXvNPlME,Pete Bernhard,Harmony Ascension Division,Waiting for You,10,216920,False,0.702,0.273,0,-17.0,1,0.0324,0.858,0.344,0.117,0.313,132.054,4,honky-tonk
DUP-0232,2,52912,3ot7yfRXpFYYmBBZ8XrM2f,George Jones,Too Wild Too Long,I'm a Survivor,10,190213,False,0.506,0.279,8,-13.727,1,0.0271,0.729,3.01e-06,0.187,0.313,89.825,3,honky-tonk
DUP-0233,2,52914,2HyijvbsWtIgLt3nSxPYML,Hank Williams,The Ultimate Collection,Please Make Up Your Mind - Single Version,11,169840,False,0.663,0.237,4,-14.214,1,0.0793,0.828,0.0,0.136,0.733,95.998,4,honky-tonk
DUP-0234,2,52921,4TmHHLuww0oL4G0UyrMVEm,George Jones,Image Of Me,These Hands,10,169306,False,0.449,0.243,11,-11.611,1,0.0299,0.796,7.49e-06,0.0983,0.23,78.397,3,honky-tonk
DUP-0235,2,52939,7p9gx9CPDuNJZqAsP9SVN7,Hank Williams,The Unforgettable Hank Williams,My Love For You (Has Turned To Hate),10,163026,False,0.413,0.399,0,-8.679,1,0.0293,0.651,0.001,0.17,0.707,145.398,4,honky-tonk
DUP-0236,2,52946,05CrXeNWBptDD2zLAOaf2A,Hank Williams,The Complete Hank Williams,Faded Love And Winter Roses,11,117573,False,0.439,0.255,4,-13.476,1,0.0297,0.926,0.0,0.27,0.398,133.245,4,honky-tonk
DUP-0230,2,52955,2zhL0n71GK0lhgDc83VT9A,Pete Bernhard,Harmony Ascension Division,Long Night,10,184973,False,0.805,0.273,4,-15.269,1,0.0629,0.864,0.000226,0.108,0.265,115.048,4,honky-tonk
DUP-0231,2,52958,4fVI8mVwMG6MtcoXvNPlME,Pete Bernhard,Harmony Ascension Division,Waiting for You,10,216920,False,0.702,0.273,0,-17.0,1,0.0324,0.858,0.344,0.117,0.313,132.054,4,honky-tonk
DUP-0232,2,52964,3ot7yfRXpFYYmBBZ8XrM2f,George Jones,Too Wild Too Long,I'm a Survivor,10,190213,False,0.506,0.279,8,-13.727,1,0.0271,0.729,3.01e-06,0.187,0.313,89.825,3,honky-tonk
DUP-0233,2,52965,2HyijvbsWtIgLt3nSxPYML,Hank Williams,The Ultimate Collection,Please Make Up Your Mind - Single Version,11,169840,False,0.663,0.237,4,-14.214,1,0.0793,0.828,0.0,0.136,0.733,95.998,4,honky-tonk
DUP-0234,2,52974,4TmHHLuww0oL4G0UyrMVEm,George Jones,Image Of Me,These Hands,10,169306,False,0.449,0.243,11,-11.611,1,0.0299,0.796,7.49e-06,0.0983,0.23,78.397,3,honky-tonk
DUP-0235,2,52985,7p9gx9CPDuNJZqAsP9SVN7,Hank Williams,The Unforgettable Hank Williams,My Love For You (Has Turned To Hate),10,163026,False,0.413,0.399,0,-8.679,1,0.0293,0.651,0.001,0.17,0.707,145.398,4,honky-tonk
DUP-0236,2,52997,05CrXeNWBptDD2zLAOaf2A,Hank Williams,The Complete Hank Williams,Faded Love And Winter Roses,11,117573,False,0.439,0.255,4,-13.476,1,0.0297,0.926,0.0,0.27,0.398,133.245,4,honky-tonk
DUP-0237,2,53675,5Ewv1Onq6GMnoWxyuChLIW,NEIKED;Mae Muller;Polo G,Mega Hits Autumn/Fall 2022,Better Days,1,160656,False,0.717,0.671,0,-5.077,0,0.0337,0.0018,2.54e-06,0.0921,0.699,110.054,4,house
DUP-0237,2,53718,5Ewv1Onq6GMnoWxyuChLIW,NEIKED;Mae Muller;Polo G,Mega Hits Autumn/Fall 2022,Better Days,1,160656,False,0.717,0.671,0,-5.077,0,0.0337,0.0018,2.54e-06,0.0921,0.699,110.054,4,house
DUP-0238,2,54604,6bpQHub3JTcxtKUnJNbcnW,Daisuke Tanabe,Cat Steps,cat step,31,274125,False,0.696,0.656,6,-9.346,0,0.109,0.426,0.859,0.062,0.494,159.997,4,idm
DUP-0238,2,54652,6bpQHub3JTcxtKUnJNbcnW,Daisuke Tanabe,Cat Steps,cat step,31,274125,False,0.696,0.656,6,-9.346,0,0.109,0.426,0.859,0.062,0.494,159.997,4,idm
DUP-0239,2,54856,1HgMMME0o7usgpIljGNiUS,Seekae,The Sound Of Trees Falling On People,Halley Wars,7,134360,False,0.713,0.694,4,-8.52,0,0.0833,0.624,0.851,0.101,0.0362,129.869,4,idm
DUP-0239,2,54906,1HgMMME0o7usgpIljGNiUS,Seekae,The Sound Of Trees Falling On People,Halley Wars,7,134360,False,0.713,0.694,4,-8.52,0,0.0833,0.624,0.851,0.101,0.0362,129.869,4,idm
DUP-0240,2,55130,3ksl6hn7Ya34q5K3cl7w9I,It's DPK,Let Me Down Slowly X Aaya Na Tu (Lofi Mix),Let Me Down Slowly X Aaya Na Tu - Lofi Mix,60,179017,False,0.441,0.55,1,-11.335,0,0.0792,0.241,0.000202,0.139,0.172,119.953,4,indian
DUP-0240,2,55176,3ksl6hn7Ya34q5K3cl7w9I,It's DPK,Let Me Down Slowly X Aaya Na Tu (Lofi Mix),Let Me Down Slowly X Aaya Na Tu - Lofi Mix,60,179017,False,0.441,0.55,1,-11.335,0,0.0792,0.241,0.000202,0.139,0.172,119.953,4,indian
DUP-0241,2,57227,7MLWLQSOUQc9sAghrNim6j,Stevie Wonder,Rock Christmas 2022 - The Very Best Of,What Christmas Means To Me - Single Version / Mono,0,148146,False,0.545,0.7,5,-6.961,1,0.0323,0.0982,0.0,0.1,0.799,83.506,4,indie
DUP-0241,2,57261,7MLWLQSOUQc9sAghrNim6j,Stevie Wonder,Rock Christmas 2022 - The Very Best Of,What Christmas Means To Me - Single Version / Mono,0,148146,False,0.545,0.7,5,-6.961,1,0.0323,0.0982,0.0,0.1,0.799,83.506,4,indie
DUP-0242,2,57773,5se0sLcaUymYKRUm0lCBgt,Vaibhav Bundhoo;Kamakshi Khanna,Kota Factory: Season 2 (Music from the Netflix Series),Tere Jaisa,41,312000,False,0.511,0.219,2,-20.59,1,0.0457,0.91,0.00229,0.0946,0.234,168.051,3,indie
DUP-0242,2,57816,5se0sLcaUymYKRUm0lCBgt,Vaibhav Bundhoo;Kamakshi Khanna,Kota Factory: Season 2 (Music from the Netflix Series),Tere Jaisa,41,312000,False,0.511,0.219,2,-20.59,1,0.0457,0.91,0.00229,0.0946,0.234,168.051,3,indie
DUP-0243,2,57873,0pH9ckmrcCM6O0MTart24w,Devin Kennedy,"You & Me, That's Enough",Something Bout That Feeling,64,132688,False,0.69,0.397,5,-6.514,1,0.0453,0.064,0.0,0.0784,0.772,203.723,4,indie
DUP-0243,2,57921,0pH9ckmrcCM6O0MTart24w,Devin Kennedy,"You & Me, That's Enough",Something Bout That Feeling,64,132688,False,0.69,0.397,5,-6.514,1,0.0453,0.064,0.0,0.0784,0.772,203.723,4,indie
DUP-0244,2,59550,7fTfvDlOUf0etaphlgUegi,Farzad Golpayegani,Eight,Diverge,3,270153,False,0.343,0.531,11,-8.501,0,0.0301,0.799,0.864,0.343,0.0569,138.024,4,iranian
DUP-0245,2,59553,4LFlYEavfqhauvX6q2IcH4,Farzad Golpayegani,Seven,Bring You Pain,4,271413,False,0.237,0.959,11,-3.978,0,0.153,0.211,0.817,0.0787,0.423,155.662,4,iranian
DUP-0244,2,59602,7fTfvDlOUf0etaphlgUegi,Farzad Golpayegani,Eight,Diverge,3,270153,False,0.343,0.531,11,-8.501,0,0.0301,0.799,0.864,0.343,0.0569,138.024,4,iranian
DUP-0245,2,59606,4LFlYEavfqhauvX6q2IcH4,Farzad Golpayegani,Seven,Bring You Pain,4,271413,False,0.237,0.959,11,-3.978,0,0.153,0.211,0.817,0.0787,0.423,155.662,4,iranian
DUP-0246,2,59614,1EXc4lSFTbktmqWksJLgke,Nyctalllz,Visions of Darkness: Volume II,The Curse of the White Demon,1,415517,False,0.237,0.38,2,-14.322,1,0.0358,0.599,0.875,0.174,0.0464,112.65,4,iranian
DUP-0247,2,59700,1lQLxZODSaf2W1KBzH3hne,Kahtmayan,Resurrection 1,Resurrection,4,275644,False,0.582,0.97,4,-3.26,0,0.0781,0.000258,0.00033,0.062,0.151,120.035,4,iranian
DUP-0248,2,59703,0xsbEfKgnxpXs1IRAbEnUY,DSM,Nowruz,Nowruz,0,259970,False,0.236,0.0463,0,-26.831,0,0.042,0.927,0.815,0.103,0.0325,121.532,3,iranian
DUP-0249,2,59712,2OxysySr6uOToqnrf0tlAq,Kahtmayan,Virtual existence,Irreversible,0,406240,False,0.393,0.965,6,-5.133,0,0.122,0.000199,0.788,0.0898,0.33,159.982,4,iranian
DUP-0250,2,59715,5NF0LZXnT008vwJiNbvwtr,Azooma,The Act of Eye,Act 2 - Umbra of Mirth,0,467826,True,0.226,0.988,0,-6.717,1,0.2,0.00337,0.897,0.545,0.0721,159.96,4,iranian
DUP-0246,2,59716,1EXc4lSFTbktmqWksJLgke,Nyctalllz,Visions of Darkness: Volume II,The Curse of the White Demon,1,415517,False,0.237,0.38,2,-14.322,1,0.0358,0.599,0.875,0.174,0.0464,112.65,4,iranian
DUP-0251,2,59717,2pkaCaIs2ZiKTSzPfcOI5B,Shivered,Journey to Fade,Journey to Fade,0,315842,False,0.558,0.837,1,-4.962,0,0.0273,0.00011,0.0246,0.107,0.448,140.001,4,iranian
DUP-0252,2,59728,6392PdXvZN8BOjcRxvkKO6,Spuntic,Hybrid Source,Outlined,0,348133,False,0.219,0.124,9,-21.633,1,0.0482,0.909,0.927,0.188,0.0381,77.691,5,iranian
DUP-0253,2,59729,6JU9PUGD025Yb2A9NbyNLZ,Out of Nowhere,Man Made Disaster,Masturbation,0,312657,True,0.498,0.862,1,-2.344,1,0.0528,0.000173,0.0,0.0778,0.398,125.005,4,iranian
DUP-0254,2,59733,0Xyy5ASa9iuqIgzH2mY9T6,Garhelenth,The Mysterious Kingdom,Paradox Existence,0,269423,False,0.125,0.677,8,-9.416,1,0.048,1.68e-06,0.0056,0.382,0.299,96.517,4,iranian
DUP-0255,2,59743,5nxmwuDelvrQPTofGhF6nk,From The Vastland,Kamarikan,Kamarikan,0,360875,False,0.289,0.539,10,-7.317,1,0.15,0.000126,0.916,0.111,0.0391,119.898,4,iranian
DUP-0247,2,59751,1lQLxZODSaf2W1KBzH3hne,Kahtmayan,Resurrection 1,Resurrection,4,275644,False,0.582,0.97,4,-3.26,0,0.0781,0.000258,0.00033,0.062,0.151,120.035,4,iranian
DUP-0249,2,59767,2OxysySr6uOToqnrf0tlAq,Kahtmayan,Virtual existence,Irreversible,0,406240,False,0.393,0.965,6,-5.133,0,0.122,0.000199,0.788,0.0898,0.33,159.982,4,iranian
DUP-0250,2,59771,5NF0LZXnT008vwJiNbvwtr,Azooma,The Act of Eye,Act 2 - Umbra of Mirth,0,467826,True,0.226,0.988,0,-6.717,1,0.2,0.00337,0.897,0.545,0.0721,159.96,4,iranian
DUP-0253,2,59778,6JU9PUGD025Yb2A9NbyNLZ,Out of Nowhere,Man Made Disaster,Masturbation,0,312657,True,0.498,0.862,1,-2.344,1,0.0528,0.000173,0.0,0.0778,0.398,125.005,4,iranian
DUP-0248,2,59806,0xsbEfKgnxpXs1IRAbEnUY,DSM,Nowruz,Nowruz,0,259970,False,0.236,0.0463,0,-26.831,0,0.042,0.927,0.815,0.103,0.0325,121.532,3,iranian
DUP-0251,2,59819,2pkaCaIs2ZiKTSzPfcOI5B,Shivered,Journey to Fade,Journey to Fade,0,315842,False,0.558,0.837,1,-4.962,0,0.0273,0.00011,0.0246,0.107,0.448,140.001,4,iranian
DUP-0252,2,59826,6392PdXvZN8BOjcRxvkKO6,Spuntic,Hybrid Source,Outlined,0,348133,False,0.219,0.124,9,-21.633,1,0.0482,0.909,0.927,0.188,0.0381,77.691,5,iranian
DUP-0254,2,59842,0Xyy5ASa9iuqIgzH2mY9T6,Garhelenth,The Mysterious Kingdom,Paradox Existence,0,269423,False,0.125,0.677,8,-9.416,1,0.048,1.68e-06,0.0056,0.382,0.299,96.517,4,iranian
DUP-0255,2,59846,5nxmwuDelvrQPTofGhF6nk,From The Vastland,Kamarikan,Kamarikan,0,360875,False,0.289,0.539,10,-7.317,1,0.15,0.000126,0.916,0.111,0.0391,119.898,4,iranian
DUP-0256,2,60332,7a6dKghXRh8XAiwJAdigfG,SWAY;EXILE SHOKICHI;SALU,UNCHAINED,Never Say Goodbye,23,211413,False,0.615,0.915,1,-3.56,0,0.0582,0.0394,0.0,0.243,0.354,105.001,4,j-dance
DUP-0257,2,60379,0oR2mFp2QwxuHCuMHot6HQ,Masicka;Dunw3ll,Roll Clean - Single,Roll Clean,23,150315,True,0.702,0.913,1,-3.385,1,0.218,0.171,0.0,0.297,0.632,95.004,4,j-dance
DUP-0256,2,60381,7a6dKghXRh8XAiwJAdigfG,SWAY;EXILE SHOKICHI;SALU,UNCHAINED,Never Say Goodbye,23,211413,False,0.615,0.915,1,-3.56,0,0.0582,0.0394,0.0,0.243,0.354,105.001,4,j-dance
DUP-0257,2,60426,0oR2mFp2QwxuHCuMHot6HQ,Masicka;Dunw3ll,Roll Clean - Single,Roll Clean,23,150315,True,0.702,0.913,1,-3.385,1,0.218,0.171,0.0,0.297,0.632,95.004,4,j-dance
DUP-0258,2,60535,3NSKJ8RZVLbK5j187CNoC2,Jahshii,Dancehall Night Riddim,Dem Nuh Bad,20,106800,True,0.689,0.584,0,-7.379,1,0.482,0.113,0.0,0.0749,0.701,126.547,5,j-dance
DUP-0258,2,60591,3NSKJ8RZVLbK5j187CNoC2,Jahshii,Dancehall Night Riddim,Dem Nuh Bad,20,106800,True,0.689,0.584,0,-7.379,1,0.482,0.113,0.0,0.0749,0.701,126.547,5,j-dance
DUP-0259,2,60603,10l4eK1EkaXCV5xHfx0jgd,Pamputtae;Bounty Killer;Esco Da Shocker,Set Right,Set Right,10,183672,True,0.698,0.724,1,-5.577,1,0.448,0.137,0.0,0.326,0.849,126.554,5,j-dance
DUP-0259,2,60656,10l4eK1EkaXCV5xHfx0jgd,Pamputtae;Bounty Killer;Esco Da Shocker,Set Right,Set Right,10,183672,True,0.698,0.724,1,-5.577,1,0.448,0.137,0.0,0.326,0.849,126.554,5,j-dance
DUP-0260,2,60738,4j0j42ap28XZZQr9SQz9nU,Beenie Man;Blakk Man,Imac Riddim,Real Bad Man - Radio Edit,20,194616,False,0.717,0.795,8,-4.198,1,0.291,0.0298,2.33e-06,0.133,0.792,133.673,5,j-dance
DUP-0260,2,60787,4j0j42ap28XZZQr9SQz9nU,Beenie Man;Blakk Man,Imac Riddim,Real Bad Man - Radio Edit,20,194616,False,0.717,0.795,8,-4.198,1,0.291,0.0298,2.33e-06,0.133,0.792,133.673,5,j-dance
DUP-0261,2,60851,1nh7P8enZRROQ5WA7HqTDp,Vybz Kartel,Exclusivity (Remastered),Blackberry - Remastered,35,187000,True,0.84,0.837,6,-6.223,1,0.228,0.53,0.0,0.0546,0.718,105.006,4,j-dance
DUP-0262,2,60877,6iNOsIMBxXGOZnFqCMkC6N,Vybz Kartel,Round Corna,Round Corna,18,129890,True,0.801,0.946,1,-1.02,1,0.364,0.0833,0.0,0.171,0.39,101.865,4,j-dance
DUP-0261,2,60902,1nh7P8enZRROQ5WA7HqTDp,Vybz Kartel,Exclusivity (Remastered),Blackberry - Remastered,35,187000,True,0.84,0.837,6,-6.223,1,0.228,0.53,0.0,0.0546,0.718,105.006,4,j-dance
DUP-0262,2,60932,6iNOsIMBxXGOZnFqCMkC6N,Vybz Kartel,Round Corna,Round Corna,18,129890,True,0.801,0.946,1,-1.02,1,0.364,0.0833,0.0,0.171,0.39,101.865,4,j-dance
DUP-0263,2,61897,2nAeK63zz8YGcufGW16Y58,TACOYAKI RAINBOW,絶唱!なにわで生まれた少女たち (Special Edition),絶唱!なにわで生まれた少女たち,18,274413,False,0.61,0.953,10,-1.076,1,0.102,0.136,0.000218,0.371,0.398,150.016,4,j-idol
DUP-0263,2,61947,2nAeK63zz8YGcufGW16Y58,TACOYAKI RAINBOW,絶唱!なにわで生まれた少女たち (Special Edition),絶唱!なにわで生まれた少女たち,18,274413,False,0.61,0.953,10,-1.076,1,0.102,0.136,0.000218,0.371,0.398,150.016,4,j-idol
DUP-0264,2,62027,5uNnGViAuZIkoUhVwmFWlr,Norah Jones,Coffee Break,Shoot The Moon,1,237173,False,0.573,0.265,0,-12.436,1,0.027,0.903,0.00152,0.094,0.425,74.031,4,j-pop
DUP-0265,2,62043,7bdROC1GostP0gWqEP8P2h,Norah Jones,Christmas Dinner,It's Not Christmas 'Til You Come Home - Recorded At Spotify Studios NYC,0,192420,False,0.473,0.068,0,-20.033,1,0.0315,0.892,0.00216,0.105,0.262,93.777,3,j-pop
DUP-0264,2,62054,5uNnGViAuZIkoUhVwmFWlr,Norah Jones,Coffee Break,Shoot The Moon,1,237173,False,0.573,0.265,0,-12.436,1,0.027,0.903,0.00152,0.094,0.425,74.031,4,j-pop
DUP-0265,2,62094,7bdROC1GostP0gWqEP8P2h,Norah Jones,Christmas Dinner,It's Not Christmas 'Til You Come Home - Recorded At Spotify Studios NYC,0,192420,False,0.473,0.068,0,-20.033,1,0.0315,0.892,0.00216,0.105,0.262,93.777,3,j-pop
DUP-0266,2,64902,7AHF3V7qRPhZV7gzJLZ3CL,Lester Young,The Complete Aladdin Recordings Of Lester Young,These Foolish Things - Remastered 1995,55,190933,False,0.593,0.103,10,-14.961,1,0.081,0.986,0.6,0.12,0.443,66.283,4,jazz
DUP-0266,2,64952,7AHF3V7qRPhZV7gzJLZ3CL,Lester Young,The Complete Aladdin Recordings Of Lester Young,These Foolish Things - Remastered 1995,55,190933,False,0.593,0.103,10,-14.961,1,0.081,0.986,0.6,0.12,0.443,66.283,4,jazz
DUP-0267,2,65739,6EfGUQtLk3xVc64tk8ihTL,Ilaiyaraaja,Muthal Mariyathai (Original Motion Picture Soundtrack),Hey Kiliyirukku,46,68205,False,0.803,0.572,0,-9.308,1,0.205,0.811,0.00338,0.0962,0.79,112.478,3,k-pop
DUP-0267,2,65786,6EfGUQtLk3xVc64tk8ihTL,Ilaiyaraaja,Muthal Mariyathai (Original Motion Picture Soundtrack),Hey Kiliyirukku,46,68205,False,0.803,0.572,0,-9.308,1,0.205,0.811,0.00338,0.0962,0.79,112.478,3,k-pop
DUP-0268,2,66237,1BSqyq83kxnA3oDf4eXLVX,Poop Emoji,Best Nintendo Music,The Paper Mario Origami King Song,14,69333,False,0.803,0.53,5,-7.817,1,0.142,0.17,1.34e-06,0.25,0.659,89.984,4,kids
DUP-0268,2,66279,1BSqyq83kxnA3oDf4eXLVX,Poop Emoji,Best Nintendo Music,The Paper Mario Origami King Song,14,69333,False,0.803,0.53,5,-7.817,1,0.142,0.17,1.34e-06,0.25,0.659,89.984,4,kids
DUP-0269,2,66463,19Y7tHKAr0wvBXrTgOYNrs,Hip Hop Harry,Nursery Rhymes (Bonus Tracks),Old MacDonald Had a Farm,11,122853,False,0.773,0.879,11,-2.418,0,0.0499,0.00614,3.41e-06,0.283,0.686,105.984,4,kids
DUP-0269,2,66514,19Y7tHKAr0wvBXrTgOYNrs,Hip Hop Harry,Nursery Rhymes (Bonus Tracks),Old MacDonald Had a Farm,11,122853,False,0.773,0.879,11,-2.418,0,0.0499,0.00614,3.41e-06,0.283,0.686,105.984,4,kids
DUP-0270,2,66545,4OJXEwWF5CKqWmCRx8vuks,The Party Cats,Kids Dance Party: Halloween Jams,Theme From The Addams Family,11,103813,False,0.898,0.431,5,-11.645,1,0.0708,0.198,0.00076,0.041,0.9,120.052,4,kids
DUP-0270,2,66593,4OJXEwWF5CKqWmCRx8vuks,The Party Cats,Kids Dance Party: Halloween Jams,Theme From The Addams Family,11,103813,False,0.898,0.431,5,-11.645,1,0.0708,0.198,0.00076,0.041,0.9,120.052,4,kids
DUP-0271,2,66719,7qVBYfgJLi0itgP6afvrf8,Christopher Zondaflex Tyler,Hip Hop Dance for Beginners,Everybody Have a Seat,8,77297,False,0.876,0.412,1,-15.764,1,0.0742,0.0042,0.0,0.0772,0.872,119.928,4,kids
DUP-0272,2,66726,5n1KwNkJXixrG3HK0tq5Cy,Ray Remesch,"EFlashApps Nursery Rhymes, Vol. 3",Turkey in the Straw,8,71409,False,0.827,0.668,5,-5.479,1,0.048,0.794,0.0,0.12,0.949,102.35,4,kids
DUP-0273,2,66731,5bwnexvD5cm2E7Wl75mQ1x,Blake Rules;Netherfriends,Kids Trap 8,Breakfast Time,8,160000,False,0.975,0.432,0,-13.808,1,0.192,0.0406,0.0,0.101,0.304,119.989,4,kids
DUP-0274,2,66744,1VAnb6RrxA6eJiywZYyTWG,Blake Rules;Netherfriends,Kids Trap 10,Snow Cone Truck,8,123076,False,0.714,0.617,10,-11.971,1,0.0544,0.307,0.0612,0.128,0.681,155.979,4,kids
DUP-0275,2,66745,08SFfnXcmjDgOSi2tnmdM7,Mini Pop Kids,Mini Pop Kids 16,Better Now,7,211786,False,0.704,0.49,2,-8.974,1,0.125,0.0386,0.0,0.11,0.296,145.167,4,kids
DUP-0276,2,66748,3o0vFcZI1ejWCLOqnFWEwE,Mini Pop Kids,Mini Pop Kids 17,Higher Love,7,228160,False,0.714,0.628,7,-5.642,1,0.0399,0.0488,1.52e-06,0.129,0.171,103.925,4,kids
DUP-0271,2,66754,7qVBYfgJLi0itgP6afvrf8,Christopher Zondaflex Tyler,Hip Hop Dance for Beginners,Everybody Have a Seat,8,77297,False,0.876,0.412,1,-15.764,1,0.0742,0.0042,0.0,0.0772,0.872,119.928,4,kids
DUP-0272,2,66759,5n1KwNkJXixrG3HK0tq5Cy,Ray Remesch,"EFlashApps Nursery Rhymes, Vol. 3",Turkey in the Straw,8,71409,False,0.827,0.668,5,-5.479,1,0.048,0.794,0.0,0.12,0.949,102.35,4,kids
DUP-0273,2,66767,5bwnexvD5cm2E7Wl75mQ1x,Blake Rules;Netherfriends,Kids Trap 8,Breakfast Time,8,160000,False,0.975,0.432,0,-13.808,1,0.192,0.0406,0.0,0.101,0.304,119.989,4,kids
DUP-0274,2,66783,1VAnb6RrxA6eJiywZYyTWG,Blake Rules;Netherfriends,Kids Trap 10,Snow Cone Truck,8,123076,False,0.714,0.617,10,-11.971,1,0.0544,0.307,0.0612,0.128,0.681,155.979,4,kids
DUP-0275,2,66786,08SFfnXcmjDgOSi2tnmdM7,Mini Pop Kids,Mini Pop Kids 16,Better Now,7,211786,False,0.704,0.49,2,-8.974,1,0.125,0.0386,0.0,0.11,0.296,145.167,4,kids
DUP-0276,2,66789,3o0vFcZI1ejWCLOqnFWEwE,Mini Pop Kids,Mini Pop Kids 17,Higher Love,7,228160,False,0.714,0.628,7,-5.642,1,0.0399,0.0488,1.52e-06,0.129,0.171,103.925,4,kids
DUP-0277,2,67012,7af1WixhIA44jYgzXU19da,Daddy Yankee;Bad Bunny,Bájale como 7500,Vuelve,2,279613,False,0.734,0.531,1,-5.662,1,0.0321,0.196,0.0,0.119,0.199,130.025,4,latin
DUP-0277,2,67061,7af1WixhIA44jYgzXU19da,Daddy Yankee;Bad Bunny,Bájale como 7500,Vuelve,2,279613,False,0.734,0.531,1,-5.662,1,0.0321,0.196,0.0,0.119,0.199,130.025,4,latin
DUP-0278,2,67104,3LaQzvfIetBWdtIV0JoBwF,J Balvin;Bad Bunny;Mr Eazi,Feliz Cumpleaños con Perreo,COMO UN BEBÉ,4,218826,False,0.825,0.807,6,-5.753,1,0.095,0.0741,4.79e-06,0.138,0.816,103.053,4,latin
DUP-0279,2,67106,38cCzX3jpZhctBx6CHA9PG,J Balvin;Bad Bunny,Feliz Cumpleaños con Perreo,LA CANCIÓN,2,242573,False,0.756,0.646,7,-5.795,1,0.319,0.152,1.81e-05,0.108,0.429,176.088,4,latin
DUP-0280,2,67116,20JTNRnNUJL75tSJmtg2ZY,J Balvin;Skrillex,Regageton Para Niños,In Da Getto,5,130666,False,0.924,0.723,8,-3.142,1,0.0466,0.0177,2.61e-05,0.113,0.643,126.998,4,latin
DUP-0281,2,67146,7lTWdUAtKRdaRS0UbQD9y7,J Balvin,Noche de Halloween Latino,Morado,2,200666,False,0.881,0.696,11,-3.838,0,0.0797,0.136,4.06e-05,0.0927,0.781,97.002,4,latin
DUP-0279,2,67156,38cCzX3jpZhctBx6CHA9PG,J Balvin;Bad Bunny,Feliz Cumpleaños con Perreo,LA CANCIÓN,2,242573,False,0.756,0.646,7,-5.795,1,0.319,0.152,1.81e-05,0.108,0.429,176.088,4,latin
DUP-0278,2,67157,3LaQzvfIetBWdtIV0JoBwF,J Balvin;Bad Bunny;Mr Eazi,Feliz Cumpleaños con Perreo,COMO UN BEBÉ,4,218826,False,0.825,0.807,6,-5.753,1,0.095,0.0741,4.79e-06,0.138,0.816,103.053,4,latin
DUP-0280,2,67162,20JTNRnNUJL75tSJmtg2ZY,J Balvin;Skrillex,Regageton Para Niños,In Da Getto,5,130666,False,0.924,0.723,8,-3.142,1,0.0466,0.0177,2.61e-05,0.113,0.643,126.998,4,latin
DUP-0281,2,67193,7lTWdUAtKRdaRS0UbQD9y7,J Balvin,Noche de Halloween Latino,Morado,2,200666,False,0.881,0.696,11,-3.838,0,0.0797,0.136,4.06e-05,0.0927,0.781,97.002,4,latin
DUP-0282,2,67523,5K5PsYGecXpFRoSNYHvhll,Chris Jedi;Anuel AA;Chencho Corleone;Ñengo Flow,El perreo es el futuro,La Llevo Al Cielo,0,254920,True,0.795,0.845,9,-3.809,0,0.135,0.105,1.14e-05,0.172,0.769,170.023,4,latin
DUP-0282,2,67578,5K5PsYGecXpFRoSNYHvhll,Chris Jedi;Anuel AA;Chencho Corleone;Ñengo Flow,El perreo es el futuro,La Llevo Al Cielo,0,254920,True,0.795,0.845,9,-3.809,0,0.135,0.105,1.14e-05,0.172,0.769,170.023,4,latin
DUP-0283,2,67654,3X1d3Krb95sCtZ8ydVDFDY,Mariah Angeliq;Casper Magico,El perreo es el futuro,Lo Prohibido,0,202560,False,0.83,0.679,8,-3.519,0,0.143,0.137,7.78e-05,0.0905,0.213,95.003,4,latin
DUP-0284,2,67655,4rlYrov7VH5lsLQklkdoFt,Mariah Angeliq,Halloween 2022 Perreo Vol. 5,Miénteme,0,211693,False,0.696,0.82,8,-4.511,0,0.127,0.0712,0.0,0.132,0.43,100.064,4,latin
DUP-0285,2,67673,1u7MXGKrK4hBxkn67pyjJX,Mariah Angeliq,Noche de Halloween Latino,La Tóxica,1,171280,True,0.536,0.723,6,-4.761,0,0.268,0.0149,7.78e-05,0.0952,0.724,91.761,4,latin
DUP-0286,2,67710,1I86H4C4Vqm0INF99IGq0r,Alvaro Diaz;Rauw Alejandro,Noche de Halloween Latino,Problemón,1,193013,False,0.729,0.737,2,-3.727,0,0.064,0.275,7.58e-06,0.137,0.369,91.99,4,latin
DUP-0284,2,67718,4rlYrov7VH5lsLQklkdoFt,Mariah Angeliq,Halloween 2022 Perreo Vol. 5,Miénteme,0,211693,False,0.696,0.82,8,-4.511,0,0.127,0.0712,0.0,0.132,0.43,100.064,4,latin
DUP-0283,2,67722,3X1d3Krb95sCtZ8ydVDFDY,Mariah Angeliq;Casper Magico,El perreo es el futuro,Lo Prohibido,0,202560,False,0.83,0.679,8,-3.519,0,0.143,0.137,7.78e-05,0.0905,0.213,95.003,4,latin
DUP-0285,2,67735,1u7MXGKrK4hBxkn67pyjJX,Mariah Angeliq,Noche de Halloween Latino,La Tóxica,1,171280,True,0.536,0.723,6,-4.761,0,0.268,0.0149,7.78e-05,0.0952,0.724,91.761,4,latin
DUP-0286,2,67757,1I86H4C4Vqm0INF99IGq0r,Alvaro Diaz;Rauw Alejandro,Noche de Halloween Latino,Problemón,1,193013,False,0.729,0.737,2,-3.727,0,0.064,0.275,7.58e-06,0.137,0.369,91.99,4,latin
DUP-0287,2,68110,2ldVpRwLjfUWCDqrjNQYWt,Daddy Yankee;Bad Bunny,Perreo en Halloween,X ÚLTIMA VEZ,3,192477,True,0.812,0.855,7,-3.725,1,0.0554,0.0789,0.000167,0.108,0.573,90.04,4,latino
DUP-0288,2,68135,0w6KXQRbURk23AtKn3q5Wr,Daddy Yankee,Halloween con perreito,RUMBATÓN,0,248768,False,0.685,0.909,3,-4.034,0,0.0396,0.0471,0.0,0.35,0.922,95.004,4,latino
DUP-0289,2,68137,62ppSZlSrkdflEZWXM34gG,Daddy Yankee,Bájale como 7500,RUMBATÓN,2,248768,False,0.685,0.909,3,-4.034,0,0.0396,0.0471,0.0,0.35,0.922,95.004,4,latino
DUP-0290,2,68139,3ufMt1JWzgGeJ1rvGjeGbX,Daddy Yankee,Feliz Cumpleaños con Perreo,RUMBATÓN,1,248768,False,0.685,0.909,3,-4.034,0,0.0396,0.0471,0.0,0.35,0.922,95.004,4,latino
DUP-0287,2,68156,2ldVpRwLjfUWCDqrjNQYWt,Daddy Yankee;Bad Bunny,Perreo en Halloween,X ÚLTIMA VEZ,3,192477,True,0.812,0.855,7,-3.725,1,0.0554,0.0789,0.000167,0.108,0.573,90.04,4,latino
DUP-0288,2,68169,0w6KXQRbURk23AtKn3q5Wr,Daddy Yankee,Halloween con perreito,RUMBATÓN,0,248768,False,0.685,0.909,3,-4.034,0,0.0396,0.0471,0.0,0.35,0.922,95.004,4,latino
DUP-0289,2,68173,62ppSZlSrkdflEZWXM34gG,Daddy Yankee,Bájale como 7500,RUMBATÓN,2,248768,False,0.685,0.909,3,-4.034,0,0.0396,0.0471,0.0,0.35,0.922,95.004,4,latino
DUP-0290,2,68179,3ufMt1JWzgGeJ1rvGjeGbX,Daddy Yankee,Feliz Cumpleaños con Perreo,RUMBATÓN,1,248768,False,0.685,0.909,3,-4.034,0,0.0396,0.0471,0.0,0.35,0.922,95.004,4,latino
DUP-0291,2,68265,7q2b7oG0UIDtl0rxQSeVwq,Don Omar;Plan B,Reggaeton Mix Perreito,Hooka,2,238386,False,0.733,0.859,1,-5.087,1,0.146,0.0431,0.0,0.822,0.845,170.047,4,latino
DUP-0292,2,68299,4B8RTAHSPfYpV222GsmEjq,Don Omar,Fiesta portatil,Zumba,2,263973,False,0.718,0.891,9,-3.494,0,0.0404,0.00175,0.0146,0.138,0.828,124.981,4,latino
DUP-0291,2,68312,7q2b7oG0UIDtl0rxQSeVwq,Don Omar;Plan B,Reggaeton Mix Perreito,Hooka,2,238386,False,0.733,0.859,1,-5.087,1,0.146,0.0431,0.0,0.822,0.845,170.047,4,latino
DUP-0292,2,68348,4B8RTAHSPfYpV222GsmEjq,Don Omar,Fiesta portatil,Zumba,2,263973,False,0.718,0.891,9,-3.494,0,0.0404,0.00175,0.0146,0.138,0.828,124.981,4,latino
DUP-0293,2,68399,3lOFofBlwZF66FMjH2AcuC,Cali Y El Dandee;Juan Magán;Sebastian Yatra,Queda poco para la PAES 2.0,Por Fin Te Encontré,0,250836,False,0.645,0.822,11,-3.679,1,0.212,0.0493,0.0,0.193,0.837,179.994,4,latino
DUP-0293,2,68439,3lOFofBlwZF66FMjH2AcuC,Cali Y El Dandee;Juan Magán;Sebastian Yatra,Queda poco para la PAES 2.0,Por Fin Te Encontré,0,250836,False,0.645,0.822,11,-3.679,1,0.212,0.0493,0.0,0.193,0.837,179.994,4,latino
DUP-0294,2,69658,5nxoZa9rMVL5HO1G5lN3FJ,Saleem,Jai Mata Di,Jai Ho Ganesh Ji,21,277986,False,0.642,0.666,8,-8.617,1,0.0435,0.253,0.0,0.158,0.831,134.054,4,malay
DUP-0294,2,69710,5nxoZa9rMVL5HO1G5lN3FJ,Saleem,Jai Mata Di,Jai Ho Ganesh Ji,21,277986,False,0.642,0.666,8,-8.617,1,0.0435,0.253,0.0,0.158,0.831,134.054,4,malay
DUP-0295,2,71653,5m9uiFH9sK5wxRZdfN62n9,Breaking Benjamin,Shallow Bay: The Best Of Breaking Benjamin (Explicit),The Diary Of Jane,59,200213,False,0.39,0.958,10,-4.455,0,0.0622,5.67e-05,0.0437,0.121,0.348,167.045,4,metal
DUP-0295,2,71710,5m9uiFH9sK5wxRZdfN62n9,Breaking Benjamin,Shallow Bay: The Best Of Breaking Benjamin (Explicit),The Diary Of Jane,59,200213,False,0.39,0.958,10,-4.455,0,0.0622,5.67e-05,0.0437,0.121,0.348,167.045,4,metal
DUP-0296,2,71817,4Y2bR875LdPq9JILrY2FSw,Bad Wolves,Zombie EP,Zombie (Acoustic),55,259253,False,0.499,0.494,2,-6.069,0,0.0264,0.0646,0.0,0.182,0.129,77.011,4,metal
DUP-0296,2,71866,4Y2bR875LdPq9JILrY2FSw,Bad Wolves,Zombie EP,Zombie (Acoustic),55,259253,False,0.499,0.494,2,-6.069,0,0.0264,0.0646,0.0,0.182,0.129,77.011,4,metal
DUP-0297,2,73304,5SB73InpxuEQ20qEWhOQFV,Format:B,Chunky,Chunky,55,158114,False,0.803,0.858,10,-4.019,1,0.0538,0.0111,0.096,0.0766,0.862,121.989,4,minimal-techno
DUP-0297,2,73352,5SB73InpxuEQ20qEWhOQFV,Format:B,Chunky,Chunky,55,158114,False,0.803,0.858,10,-4.019,1,0.0538,0.0111,0.096,0.0766,0.862,121.989,4,minimal-techno
DUP-0298,2,73946,4DK9SUOnVliHTl0kVjROv0,Berlin Minimal,Playlist Nature Walking (Tour 1),Surf Slide Minimal - Club Edit,17,155662,False,0.735,0.874,6,-6.808,1,0.0373,0.000118,0.9,0.363,0.15,124.001,4,minimal-techno
DUP-0298,2,73997,4DK9SUOnVliHTl0kVjROv0,Berlin Minimal,Playlist Nature Walking (Tour 1),Surf Slide Minimal - Club Edit,17,155662,False,0.735,0.874,6,-6.808,1,0.0373,0.000118,0.9,0.363,0.15,124.001,4,minimal-techno
DUP-0299,2,75476,3m4MvVUvY06ZuCLXxWYY2m,Brian Crain,A Light in the Trees,Tenderness,22,222080,False,0.273,0.258,6,-17.858,1,0.0337,0.982,0.89,0.111,0.099,154.527,3,new-age
DUP-0299,2,75520,3m4MvVUvY06ZuCLXxWYY2m,Brian Crain,A Light in the Trees,Tenderness,22,222080,False,0.273,0.258,6,-17.858,1,0.0337,0.982,0.89,0.111,0.099,154.527,3,new-age
DUP-0300,2,75528,5uRJ0oirdTBD7jjG7VhEhh,Dan Gibson's Solitudes,Stream of Dreams,Pool of Mirrors,22,398133,False,0.311,0.0948,3,-29.575,1,0.0555,0.861,0.202,0.907,0.0649,99.213,4,new-age
DUP-0301,2,75540,3UPxTUgfoxubx8fC3wOJ0P,Dan Gibson's Solitudes,Dolphin Dreams,Angels of the Reef,22,350201,False,0.117,0.11,5,-26.081,1,0.0442,0.977,0.741,0.702,0.0449,83.687,4,new-age
DUP-0300,2,75583,5uRJ0oirdTBD7jjG7VhEhh,Dan Gibson's Solitudes,Stream of Dreams,Pool of Mirrors,22,398133,False,0.311,0.0948,3,-29.575,1,0.0555,0.861,0.202,0.907,0.0649,99.213,4,new-age
DUP-0301,2,75594,3UPxTUgfoxubx8fC3wOJ0P,Dan Gibson's Solitudes,Dolphin Dreams,Angels of the Reef,22,350201,False,0.117,0.11,5,-26.081,1,0.0442,0.977,0.741,0.702,0.0449,83.687,4,new-age
DUP-0302,2,75656,24ncWBgfsWHODJwzuc2p1l,Karunesh,Colors of the East,Vishnu,36,389640,False,0.668,0.571,11,-13.619,0,0.0389,0.768,0.857,0.146,0.607,89.98,4,new-age
DUP-0303,2,75697,2KsD4oe5Dj7EPPwkVfiaL3,Clannad,Lore,Crói Cróga - Remastered in 2004,22,298960,False,0.567,0.424,9,-11.726,0,0.0289,0.779,8.34e-05,0.366,0.389,138.923,4,new-age
DUP-0302,2,75704,24ncWBgfsWHODJwzuc2p1l,Karunesh,Colors of the East,Vishnu,36,389640,False,0.668,0.571,11,-13.619,0,0.0389,0.768,0.857,0.146,0.607,89.98,4,new-age
DUP-0303,2,75743,2KsD4oe5Dj7EPPwkVfiaL3,Clannad,Lore,Crói Cróga - Remastered in 2004,22,298960,False,0.567,0.424,9,-11.726,0,0.0289,0.779,8.34e-05,0.366,0.389,138.923,4,new-age
DUP-0304,2,75839,6YFYYxoLH9Aoasz0unIXiK,Jim Brickman,Destiny,Your Love,54,223093,False,0.605,0.454,5,-8.394,1,0.0264,0.241,0.0,0.114,0.326,121.974,4,new-age
DUP-0304,2,75890,6YFYYxoLH9Aoasz0unIXiK,Jim Brickman,Destiny,Your Love,54,223093,False,0.605,0.454,5,-8.394,1,0.0264,0.241,0.0,0.114,0.326,121.974,4,new-age
DUP-0305,2,76254,10zfQIoFPJJLTz97BTCivL,Dimash Qudaibergen,"Couldn't Leave (電視劇《親愛的, 熱愛的》插曲)","Couldn't Leave (電視劇《親愛的, 熱愛的》插曲)",41,193600,False,0.295,0.402,6,-10.493,0,0.0321,0.535,0.000104,0.105,0.069,149.525,4,opera
DUP-0306,2,76276,1GU90z6vuJ8XtQu0XLzyDH,Michael Ball;Alfie Boe,Back Together,Let It Be Me,25,203253,False,0.337,0.264,4,-15.015,1,0.031,0.797,0.0647,0.148,0.145,90.013,4,opera
DUP-0305,2,76302,10zfQIoFPJJLTz97BTCivL,Dimash Qudaibergen,"Couldn't Leave (電視劇《親愛的, 熱愛的》插曲)","Couldn't Leave (電視劇《親愛的, 熱愛的》插曲)",41,193600,False,0.295,0.402,6,-10.493,0,0.0321,0.535,0.000104,0.105,0.069,149.525,4,opera
DUP-0306,2,76317,1GU90z6vuJ8XtQu0XLzyDH,Michael Ball;Alfie Boe,Back Together,Let It Be Me,25,203253,False,0.337,0.264,4,-15.015,1,0.031,0.797,0.0647,0.148,0.145,90.013,4,opera
DUP-0307,2,76659,3xF6OYQ4Da4JhPGsmubG9M,Andrea Bocelli,Vivere - Live In Tuscany,Mille Lune Mille Onde - Live,20,243493,False,0.51,0.602,10,-8.027,1,0.039,0.556,2.73e-05,0.699,0.334,109.933,4,opera
DUP-0308,2,76674,5wOLmQDML8Po0Qoc7N1uLk,Emma Shapplin,Etterna,Celtica,20,307693,False,0.221,0.371,7,-10.897,0,0.038,0.697,0.0153,0.156,0.122,93.075,3,opera
DUP-0307,2,76709,3xF6OYQ4Da4JhPGsmubG9M,Andrea Bocelli,Vivere - Live In Tuscany,Mille Lune Mille Onde - Live,20,243493,False,0.51,0.602,10,-8.027,1,0.039,0.556,2.73e-05,0.699,0.334,109.933,4,opera
DUP-0308,2,76722,5wOLmQDML8Po0Qoc7N1uLk,Emma Shapplin,Etterna,Celtica,20,307693,False,0.221,0.371,7,-10.897,0,0.038,0.697,0.0153,0.156,0.122,93.075,3,opera
DUP-0309,2,76879,3pkoey7hNfAGNG2X0yp99C,Méav,Celtic Twilight 5 (From The Hearts O'Space),"Ailein Duinn (Theme From The Movie ""Rob Roy"")",20,254880,False,0.272,0.247,5,-11.169,0,0.0333,0.905,0.0256,0.111,0.106,112.881,3,opera
DUP-0310,2,76886,1p5CA3hRZ1B4GcbgTX4oPo,Michael Ball;Alfie Boe,Together Again,You're The Voice,20,302946,False,0.334,0.735,2,-10.697,1,0.0741,0.366,0.014,0.0737,0.525,82.471,4,opera
DUP-0311,2,76888,6AL3WfvaUJi5nA8XqPDoy9,Michael Ball;Alfie Boe,Together Again (Deluxe),"Bring Me Sunshine - From ""Morecambe & Wise""",20,234106,False,0.521,0.35,10,-9.92,0,0.0345,0.329,0.0,0.059,0.475,112.02,4,opera
DUP-0309,2,76921,3pkoey7hNfAGNG2X0yp99C,Méav,Celtic Twilight 5 (From The Hearts O'Space),"Ailein Duinn (Theme From The Movie ""Rob Roy"")",20,254880,False,0.272,0.247,5,-11.169,0,0.0333,0.905,0.0256,0.111,0.106,112.881,3,opera
DUP-0310,2,76924,1p5CA3hRZ1B4GcbgTX4oPo,Michael Ball;Alfie Boe,Together Again,You're The Voice,20,302946,False,0.334,0.735,2,-10.697,1,0.0741,0.366,0.014,0.0737,0.525,82.471,4,opera
DUP-0311,2,76928,6AL3WfvaUJi5nA8XqPDoy9,Michael Ball;Alfie Boe,Together Again (Deluxe),"Bring Me Sunshine - From ""Morecambe & Wise""",20,234106,False,0.521,0.35,10,-9.92,0,0.0345,0.329,0.0,0.059,0.475,112.02,4,opera
DUP-0312,2,76934,10ohUdSA7ZKCSeulKs1ciP,Georges Bizet;Théophile Alexandre;Quatuor Zaïde,No(s) Dames,"Carmen, Act 1 Scene 5: L'Amour est un oiseau rebelle (Arr. for Countertenor & String Quartet by Eric Mouret)",20,181746,False,0.362,0.0919,0,-18.037,1,0.0918,0.978,1.52e-06,0.0986,0.371,86.732,3,opera
DUP-0312,2,76997,10ohUdSA7ZKCSeulKs1ciP,Georges Bizet;Théophile Alexandre;Quatuor Zaïde,No(s) Dames,"Carmen, Act 1 Scene 5: L'Amour est un oiseau rebelle (Arr. for Countertenor & String Quartet by Eric Mouret)",20,181746,False,0.362,0.0919,0,-18.037,1,0.0918,0.978,1.52e-06,0.0986,0.371,86.732,3,opera
DUP-0313,2,78046,2B7ztTw0XuywnZK6W3tTG7,Andreas Gabalier,Best Of Karneval,Hulapalu,0,180252,False,0.705,0.676,0,-4.672,1,0.0467,0.505,0.0,0.628,0.701,124.96,4,party
DUP-0313,2,78089,2B7ztTw0XuywnZK6W3tTG7,Andreas Gabalier,Best Of Karneval,Hulapalu,0,180252,False,0.705,0.676,0,-4.672,1,0.0467,0.505,0.0,0.628,0.701,124.96,4,party
DUP-0314,2,78148,0gbTWyqIQXC93BTXxmAveK,Jürgen Drews,Karneval Klassiker,Irgendwann irgendwo irgendwie - seh'n wir uns wieder - Remastered 2017,0,245426,False,0.671,0.98,0,-3.769,1,0.0424,0.00686,0.000199,0.0852,0.868,124.009,4,party
DUP-0315,2,78190,6Cd5urxZ5t5RyxNX7O3pyb,Höhner,Karneval Klassiker,"Viva Colonia (Da simmer dabei, dat is prima!)",0,189386,False,0.571,0.85,7,-4.426,1,0.0367,0.0781,0.0,0.27,0.766,128.071,4,party
DUP-0314,2,78199,0gbTWyqIQXC93BTXxmAveK,Jürgen Drews,Karneval Klassiker,Irgendwann irgendwo irgendwie - seh'n wir uns wieder - Remastered 2017,0,245426,False,0.671,0.98,0,-3.769,1,0.0424,0.00686,0.000199,0.0852,0.868,124.009,4,party
DUP-0315,2,78246,6Cd5urxZ5t5RyxNX7O3pyb,Höhner,Karneval Klassiker,"Viva Colonia (Da simmer dabei, dat is prima!)",0,189386,False,0.571,0.85,7,-4.426,1,0.0367,0.0781,0.0,0.27,0.766,128.071,4,party
DUP-0316,2,78615,2IHTPzWvCxfYdLzdWofJYp,Michael Wendler,The Very Best Of,Nina,26,232653,False,0.757,0.864,0,-5.678,1,0.0441,0.116,0.00073,0.259,0.726,128.063,4,party
DUP-0316,2,78668,2IHTPzWvCxfYdLzdWofJYp,Michael Wendler,The Very Best Of,Nina,26,232653,False,0.757,0.864,0,-5.678,1,0.0441,0.116,0.00073,0.259,0.726,128.063,4,party
DUP-0317,2,78836,2JjmTbiaj8Zin3ePd6hfdB,FiNCH,Kassenhäuschen EP,Maschinen,24,156269,True,0.763,0.886,9,-3.745,0,0.258,0.114,0.0,0.148,0.631,150.073,4,party
DUP-0318,2,78878,44ZjtiuwW9fA4SHrvEggL2,Matthias Reim,Verdammt Ich hab Nix,Verdammt Ich lieb' dich,25,217680,False,0.57,0.86,9,-5.013,0,0.0478,0.0196,0.0,0.408,0.451,109.994,4,party
DUP-0317,2,78883,2JjmTbiaj8Zin3ePd6hfdB,FiNCH,Kassenhäuschen EP,Maschinen,24,156269,True,0.763,0.886,9,-3.745,0,0.258,0.114,0.0,0.148,0.631,150.073,4,party
DUP-0318,2,78928,44ZjtiuwW9fA4SHrvEggL2,Matthias Reim,Verdammt Ich hab Nix,Verdammt Ich lieb' dich,25,217680,False,0.57,0.86,9,-5.013,0,0.0478,0.0196,0.0,0.408,0.451,109.994,4,party
DUP-0319,2,79714,5A6E9cVlxYAmEvdbEE4w9Y,Karim Kamar,"Selected Works, Vol. 3",drivers license - Piano Arrangement,40,284000,False,0.344,0.081,10,-23.65,1,0.0564,0.983,0.9,0.103,0.034,128.876,4,piano
DUP-0319,2,79764,5A6E9cVlxYAmEvdbEE4w9Y,Karim Kamar,"Selected Works, Vol. 3",drivers license - Piano Arrangement,40,284000,False,0.344,0.081,10,-23.65,1,0.0564,0.983,0.9,0.103,0.034,128.876,4,piano
DUP-0320,2,79911,3VBPPIu4MGBnMj4SF8sJBJ,Ever So Blue,Fragment,Fragment,46,153103,False,0.403,0.0621,6,-28.678,1,0.049,0.995,0.932,0.0999,0.146,135.761,4,piano
DUP-0320,2,79959,3VBPPIu4MGBnMj4SF8sJBJ,Ever So Blue,Fragment,Fragment,46,153103,False,0.403,0.0621,6,-28.678,1,0.049,0.995,0.932,0.0999,0.146,135.761,4,piano
DUP-0321,2,80379,6YYVzVapUF3UnZQ0igasl3,Shafqat Amanat Ali,Yaariyan,Allah Waariyan,62,314522,False,0.483,0.781,4,-5.926,1,0.0445,0.349,0.0,0.126,0.801,83.782,4,pop-film
DUP-0321,2,80427,6YYVzVapUF3UnZQ0igasl3,Shafqat Amanat Ali,Yaariyan,Allah Waariyan,62,314522,False,0.483,0.781,4,-5.926,1,0.0445,0.349,0.0,0.126,0.801,83.782,4,pop-film
DUP-0322,2,81074,4g7118rCobKcU4XQXSFlBS,The Weeknd,Drippy Drippy,The Hills,3,242280,True,0.565,0.551,0,-7.007,0,0.0687,0.0845,0.0,0.139,0.125,112.98,4,pop
DUP-0322,2,81125,4g7118rCobKcU4XQXSFlBS,The Weeknd,Drippy Drippy,The Hills,3,242280,True,0.565,0.551,0,-7.007,0,0.0687,0.0845,0.0,0.139,0.125,112.98,4,pop
DUP-0323,2,81298,6SKTHwAjQ2sEJSEcSm2N3v,Justin Bieber,pov: you have a holly jolly christmas,Santa Claus Is Coming To Town,0,216720,False,0.639,0.836,0,-4.878,0,0.048,0.027,0.0,0.283,0.814,104.998,4,pop
DUP-0323,2,81344,6SKTHwAjQ2sEJSEcSm2N3v,Justin Bieber,pov: you have a holly jolly christmas,Santa Claus Is Coming To Town,0,216720,False,0.639,0.836,0,-4.878,0,0.048,0.027,0.0,0.283,0.814,104.998,4,pop
DUP-0324,2,81436,6arE1lr4B2jsrWP1GBIkYH,David Guetta;MistaJam;John Newman,Upbeat 20's,If You Really Love Me (How Will I Know),1,184390,False,0.692,0.883,7,-4.698,1,0.0582,0.0512,0.0,0.228,0.614,122.984,4,pop
DUP-0325,2,81445,4F9mATfUA9J8t7oQ9COCcQ,David Guetta;Bebe Rexha,Upbeat Pop,I'm Good (Blue),0,175238,True,0.561,0.965,7,-3.673,0,0.0343,0.00383,7.07e-06,0.371,0.304,128.04,4,pop
DUP-0326,2,81447,1fkKTSAmrguXmlZ1we0BQp,David Guetta;Becky Hill;Ella Henderson,Baddest of Them All,Crazy What Love Can Do,0,169756,False,0.601,0.713,4,-3.758,0,0.0449,0.0282,0.0,0.158,0.464,122.872,4,pop
DUP-0324,2,81480,6arE1lr4B2jsrWP1GBIkYH,David Guetta;MistaJam;John Newman,Upbeat 20's,If You Really Love Me (How Will I Know),1,184390,False,0.692,0.883,7,-4.698,1,0.0582,0.0512,0.0,0.228,0.614,122.984,4,pop
DUP-0325,2,81492,4F9mATfUA9J8t7oQ9COCcQ,David Guetta;Bebe Rexha,Upbeat Pop,I'm Good (Blue),0,175238,True,0.561,0.965,7,-3.673,0,0.0343,0.00383,7.07e-06,0.371,0.304,128.04,4,pop
DUP-0326,2,81494,1fkKTSAmrguXmlZ1we0BQp,David Guetta;Becky Hill;Ella Henderson,Baddest of Them All,Crazy What Love Can Do,0,169756,False,0.601,0.713,4,-3.758,0,0.0449,0.0282,0.0,0.158,0.464,122.872,4,pop
DUP-0327,2,81583,5hsExtdcPmoDQTc9rhK6ui,Feid,Perreo en Halloween,Si Te La Encuentras Por Ahí,4,191506,False,0.736,0.569,8,-3.559,0,0.0779,0.144,5.27e-05,0.112,0.433,171.973,4,pop
DUP-0327,2,81637,5hsExtdcPmoDQTc9rhK6ui,Feid,Perreo en Halloween,Si Te La Encuentras Por Ahí,4,191506,False,0.736,0.569,8,-3.559,0,0.0779,0.144,5.27e-05,0.112,0.433,171.973,4,pop
DUP-0328,2,81749,4Rt5ie6v0adFZmbTPoo3qZ,Coldplay;Geoff Swan;Hardwell;Mark 'Spike' Stent,10's Dance Classics,A Sky Full of Stars - Hardwell Remix,0,313124,False,0.652,0.657,3,-4.491,0,0.0306,0.00208,6.93e-05,0.0859,0.0861,127.997,4,pop
DUP-0328,2,81799,4Rt5ie6v0adFZmbTPoo3qZ,Coldplay;Geoff Swan;Hardwell;Mark 'Spike' Stent,10's Dance Classics,A Sky Full of Stars - Hardwell Remix,0,313124,False,0.652,0.657,3,-4.491,0,0.0306,0.00208,6.93e-05,0.0859,0.0861,127.997,4,pop
DUP-0329,2,82630,6ULTShYs7hdQsmzlzFMjFb,Hoodoo Gurus,Chariot Of The Gods,Was I Supposed To Care?,21,273653,False,0.489,0.621,11,-5.465,0,0.0281,0.0218,3.26e-05,0.118,0.407,152.02,4,power-pop
DUP-0329,2,82686,6ULTShYs7hdQsmzlzFMjFb,Hoodoo Gurus,Chariot Of The Gods,Was I Supposed To Care?,21,273653,False,0.489,0.621,11,-5.465,0,0.0281,0.0218,3.26e-05,0.118,0.407,152.02,4,power-pop
DUP-0330,2,82805,5pBaIDEQbrXKpplRE9sU5B,The Manges,Book Of Hate For Good People,I'm Not A Sissy,20,141480,False,0.622,0.966,0,-3.95,1,0.0354,0.0086,3.57e-06,0.368,0.79,108.013,4,power-pop
DUP-0331,2,82815,7tyxIzfJI6uoc7t9kwwGmf,F.Y.P,Toys That Kill,Wherever the Creeps Go,20,114360,False,0.346,0.862,5,-6.208,1,0.0993,0.00762,0.0,0.676,0.741,178.092,4,power-pop
DUP-0330,2,82854,5pBaIDEQbrXKpplRE9sU5B,The Manges,Book Of Hate For Good People,I'm Not A Sissy,20,141480,False,0.622,0.966,0,-3.95,1,0.0354,0.0086,3.57e-06,0.368,0.79,108.013,4,power-pop
DUP-0331,2,82868,7tyxIzfJI6uoc7t9kwwGmf,F.Y.P,Toys That Kill,Wherever the Creeps Go,20,114360,False,0.346,0.862,5,-6.208,1,0.0993,0.00762,0.0,0.676,0.741,178.092,4,power-pop
DUP-0332,2,82920,28jj3KEdWz0yKpVsCGVydC,White Reaper,The World's Best American Band,Another Day,21,111290,False,0.324,0.983,5,-1.624,0,0.099,0.000271,0.000117,0.565,0.178,148.234,4,power-pop
DUP-0332,2,82966,28jj3KEdWz0yKpVsCGVydC,White Reaper,The World's Best American Band,Another Day,21,111290,False,0.324,0.983,5,-1.624,0,0.099,0.000271,0.000117,0.565,0.178,148.234,4,power-pop
DUP-0333,2,83796,1xnsrpuHsb9cwGtMsfqzBc,Mike Williams;RYVM,Storylines,When The Sun Is Gone (feat. RYVM),0,178124,False,0.606,0.929,11,-4.65,1,0.098,0.0284,0.0,0.147,0.339,127.998,4,progressive-house
DUP-0333,2,83843,1xnsrpuHsb9cwGtMsfqzBc,Mike Williams;RYVM,Storylines,When The Sun Is Gone (feat. RYVM),0,178124,False,0.606,0.929,11,-4.65,1,0.098,0.0284,0.0,0.147,0.339,127.998,4,progressive-house
DUP-0334,2,84007,3JiRG3zjef1biea1lH8MJ3,The Beach Boys,Best Christmas Songs 2022 | For under the Mistletoe,Frosty The Snowman - 1991 Remix,1,114551,False,0.426,0.473,5,-7.924,1,0.0335,0.353,0.0,0.0234,0.937,181.752,4,psych-rock
DUP-0335,2,84031,7weuZfLzuEUsHq5jvpP3im,The Beach Boys,Weihnachtssongs,Little Saint Nick - 1991 Remix,0,118840,False,0.602,0.553,11,-9.336,1,0.0328,0.108,0.0,0.0512,0.971,130.594,4,psych-rock
DUP-0336,2,84041,5FUXLd5vcwtR36lGLtKsWb,The Beach Boys,pov: you are walking in a winter wonderland,Little Saint Nick - 1991 Remix,0,118840,False,0.602,0.553,11,-9.336,1,0.0328,0.108,0.0,0.0512,0.971,130.594,4,psych-rock
DUP-0334,2,84060,3JiRG3zjef1biea1lH8MJ3,The Beach Boys,Best Christmas Songs 2022 | For under the Mistletoe,Frosty The Snowman - 1991 Remix,1,114551,False,0.426,0.473,5,-7.924,1,0.0335,0.353,0.0,0.0234,0.937,181.752,4,psych-rock
DUP-0335,2,84079,7weuZfLzuEUsHq5jvpP3im,The Beach Boys,Weihnachtssongs,Little Saint Nick - 1991 Remix,0,118840,False,0.602,0.553,11,-9.336,1,0.0328,0.108,0.0,0.0512,0.971,130.594,4,psych-rock
DUP-0336,2,84081,5FUXLd5vcwtR36lGLtKsWb,The Beach Boys,pov: you are walking in a winter wonderland,Little Saint Nick - 1991 Remix,0,118840,False,0.602,0.553,11,-9.336,1,0.0328,0.108,0.0,0.0512,0.971,130.594,4,psych-rock
DUP-0337,2,84728,4YgUcH7aKBmP5EeysIjvKD,Wishbone Ash,Argus (Expanded Edition),Leaf And Stream,50,246266,False,0.418,0.405,2,-10.714,0,0.0307,0.478,0.00482,0.117,0.433,82.7,4,psych-rock
DUP-0337,2,84780,4YgUcH7aKBmP5EeysIjvKD,Wishbone Ash,Argus (Expanded Edition),Leaf And Stream,50,246266,False,0.418,0.405,2,-10.714,0,0.0307,0.478,0.00482,0.117,0.433,82.7,4,psych-rock
DUP-0338,2,86871,7tdvNIkzAYUcCWxRi7NvhY,Štěpán Soukup,Tommy Poser,Alkoholka 2015,37,205250,False,0.622,0.738,8,-3.551,0,0.0301,0.000897,6.19e-06,0.105,0.466,125.005,4,punk
DUP-0338,2,86917,7tdvNIkzAYUcCWxRi7NvhY,Štěpán Soukup,Tommy Poser,Alkoholka 2015,37,205250,False,0.622,0.738,8,-3.551,0,0.0301,0.000897,6.19e-06,0.105,0.466,125.005,4,punk
DUP-0339,2,92388,6AuY8LkI0USenNbHzX1AVh,Toini & The Tomcats,Traction,Honey Bee,29,128466,False,0.577,0.826,11,-5.812,1,0.042,0.213,0.0,0.114,0.941,127.255,4,rockabilly
DUP-0339,2,92437,6AuY8LkI0USenNbHzX1AVh,Toini & The Tomcats,Traction,Honey Bee,29,128466,False,0.577,0.826,11,-5.812,1,0.042,0.213,0.0,0.114,0.941,127.255,4,rockabilly
DUP-0340,2,93028,2jqBkZ3VhBeuTLwXZtfSGe,Georgi Vinogradov;The Red Army Choir,Когда поют солдаты...,Соловьи,10,356573,False,0.232,0.272,5,-14.867,0,0.053,0.963,0.000177,0.135,0.0412,112.787,5,romance
DUP-0340,2,93084,2jqBkZ3VhBeuTLwXZtfSGe,Georgi Vinogradov;The Red Army Choir,Когда поют солдаты...,Соловьи,10,356573,False,0.232,0.272,5,-14.867,0,0.053,0.963,0.000177,0.135,0.0412,112.787,5,romance
DUP-0341,2,93273,1RTNUU0YYocc0YwoLkEMq6,Николай Рыбников,4 ноября. День народного единства,"Марш высотников - Из к/ф ""Высота""",0,53472,False,0.653,0.466,5,-9.439,1,0.0666,0.748,3.96e-05,0.322,0.882,121.245,4,romance
DUP-0342,2,93274,3J4hiQsMvNGbgx9TndlQcU,Tatiana and Sergey Nikitin,Brich-Mulla Vol.1,Two Women,4,151560,False,0.679,0.175,5,-17.052,1,0.111,0.955,0.000158,0.101,0.646,124.477,4,romance
DUP-0343,2,93276,0wgC0qJgCGHdA5H8bauIK7,Mikhail Vavich,"Russkie narodnye pesni, Ch. 1",Jablochko,0,163083,False,0.715,0.491,11,-5.705,0,0.133,0.993,0.0099,0.222,0.811,113.385,4,romance
DUP-0344,2,93277,6sSFydXXbEIaqR4n3XUQuz,Nikolai Erdenko,Шедевры цыганской песни. Знаменитые цыганские песни,"О, день",1,156000,False,0.308,0.483,10,-15.63,1,0.0742,0.854,0.017,0.423,0.687,91.738,4,romance
DUP-0345,2,93279,6hb6tZMwumbYoXVxwEsWRk,Alexander Vertinsky,Velikie ispolniteli Rossii XX veka: Aleksandr Vertinskiy,Ja segodnja smejus' nad soboy,2,168189,False,0.496,0.0237,4,-17.939,0,0.0747,0.992,4.63e-05,0.101,0.117,100.566,3,romance
DUP-0346,2,93281,3yavilApCRUIKYkIuX8DDk,Валерий Агафонов,Вам девятнадцать лет…,Глядя на луч пурпурного заката,0,201533,False,0.309,0.143,4,-18.305,0,0.0535,0.955,0.111,0.107,0.0632,174.026,4,romance
DUP-0347,2,93282,2jQbiFdf25wYRHcq0JiWRR,"Группа ""Загадка""",Золотая коллекция эстрады. Сиреневый туман,Люблю (Вдыхая розы аромат),1,115706,False,0.621,0.233,7,-8.939,0,0.0696,0.889,2.41e-06,0.13,0.636,127.273,3,romance
DUP-0348,2,93285,5ugEAELzfwf3k07D3e1WNN,Владимир Бунчиков,Севастопольский Вальс (1943 - 1961),"Шумит волна, звенит струна",0,168923,False,0.346,0.303,4,-13.245,0,0.0362,0.961,5.55e-06,0.114,0.531,162.172,3,romance
DUP-0349,2,93286,5mplGTxbzVHglczrA1l9qG,Sergei Lemeshev,Любимые русские романсы,Выхожу один я на дорогу,0,258324,False,0.304,0.44,4,-8.486,0,0.0566,0.957,0.0,0.687,0.243,92.928,3,romance
DUP-0350,2,93289,2QJmvhnhah2pOFvzJGg7Ro,Alla Bayanova;Давид Ашкенази;Геннадий Разуваев,Алла Баянова: И льётся песня,Я любовь не сберегла,1,175360,False,0.35,0.091,9,-15.221,0,0.0393,0.939,2.12e-06,0.0979,0.227,152.065,4,romance
DUP-0351,2,93290,7zkgAyL3DS6PE5FWzk3QKM,Vladimir Nechaev,Душевные песни из советских кинофильмов,"Ты рядом со мной - Из к/ф ""Наши соседи""",1,207438,False,0.336,0.315,2,-10.006,0,0.0312,0.875,4.08e-06,0.426,0.454,147.996,3,romance
DUP-0352,2,93292,6xOrcNSwc9pnCcMYJjc4rn,Sergei Lemeshev,Сергей Лемешев. 20 золотых песен,Хотел бы в единое слово,0,121893,False,0.421,0.0908,7,-19.422,0,0.0459,0.979,0.0,0.0836,0.231,93.656,4,romance
DUP-0353,2,93293,1zN6E83l8cwgDlxNhxPAUz,Oleg Pogudin,The Best Songs,Побудь со мной,1,165533,False,0.401,0.076,6,-17.782,0,0.0436,0.938,6.8e-06,0.123,0.122,69.474,3,romance
DUP-0354,2,93295,2nVL8B8ad5rJZGBRuVIKtR,"Nikolai Erdenko;Ансамбль ""Джанг""",Шедевры цыганской музыки. Лучшие цыганские песни,Ехали цыгане,0,106253,False,0.395,0.438,0,-17.157,0,0.0499,0.645,0.0,0.257,0.533,129.316,4,romance
DUP-0355,2,93297,3wty3BBEsbk8zj92IPQ9NO,Nikolai Erdenko,Шедевры цыганской песни. Знаменитые цыганские песни,На траве туман,0,317786,False,0.287,0.261,7,-18.994,0,0.0455,0.776,0.0519,0.0973,0.146,140.712,4,romance
DUP-0356,2,93298,0gmV4mbtJsmveGlVAdLGho,Nikolai Erdenko;Nikolai Erdenko Gypsy Band,The Famous Songs of Russian Gypsies,"Oj, rucheek, rucheek (A Brook): Rucheek (A Brook)",1,153280,False,0.36,0.815,2,-12.779,1,0.146,0.46,0.0,0.365,0.439,122.176,4,romance
DUP-0357,2,93299,0egeqq8xpExQHfPNuXfNfD,Vladimir Nechaev,"Russian Legends - Vladimir Nechaev, Volume 1",Ogonyok,0,181800,False,0.433,0.307,10,-14.509,1,0.0475,0.992,0.174,0.2,0.536,127.73,4,romance
DUP-0342,2,93300,3J4hiQsMvNGbgx9TndlQcU,Tatiana and Sergey Nikitin,Brich-Mulla Vol.1,Two Women,4,151560,False,0.679,0.175,5,-17.052,1,0.111,0.955,0.000158,0.101,0.646,124.477,4,romance
DUP-0344,2,93301,6sSFydXXbEIaqR4n3XUQuz,Nikolai Erdenko,Шедевры цыганской песни. Знаменитые цыганские песни,"О, день",1,156000,False,0.308,0.483,10,-15.63,1,0.0742,0.854,0.017,0.423,0.687,91.738,4,romance
DUP-0358,2,93302,5MNxzyo5mrSoy3UkL9wbvT,Tatiana and Sergey Nikitin,Brich-Mulla Vol.1,Brich-Mulla,4,283872,False,0.74,0.23,0,-13.538,0,0.127,0.837,0.0,0.0949,0.765,133.99,4,romance
DUP-0341,2,93304,1RTNUU0YYocc0YwoLkEMq6,Николай Рыбников,4 ноября. День народного единства,"Марш высотников - Из к/ф ""Высота""",0,53472,False,0.653,0.466,5,-9.439,1,0.0666,0.748,3.96e-05,0.322,0.882,121.245,4,romance
DUP-0343,2,93305,0wgC0qJgCGHdA5H8bauIK7,Mikhail Vavich,"Russkie narodnye pesni, Ch. 1",Jablochko,0,163083,False,0.715,0.491,11,-5.705,0,0.133,0.993,0.0099,0.222,0.811,113.385,4,romance
DUP-0359,2,93306,31V8fcY1mQGjqDIrFSNy2w,Александр Цфасман;Павел Михайлов,Избранное,Тебя здесь нет,0,177240,False,0.473,0.224,4,-15.187,0,0.0389,0.977,0.0383,0.128,0.571,124.432,4,romance
DUP-0349,2,93307,5mplGTxbzVHglczrA1l9qG,Sergei Lemeshev,Любимые русские романсы,Выхожу один я на дорогу,0,258324,False,0.304,0.44,4,-8.486,0,0.0566,0.957,0.0,0.687,0.243,92.928,3,romance
DUP-0360,2,93308,51QhZPWIe5gD5PgSV7luyl,Александр Цфасман;Вокальное Трио,Я люблю танцевать,Мечты,0,170893,False,0.373,0.14,5,-20.719,0,0.0506,0.976,0.367,0.156,0.226,117.624,3,romance
DUP-0346,2,93311,3yavilApCRUIKYkIuX8DDk,Валерий Агафонов,Вам девятнадцать лет…,Глядя на луч пурпурного заката,0,201533,False,0.309,0.143,4,-18.305,0,0.0535,0.955,0.111,0.107,0.0632,174.026,4,romance
DUP-0345,2,93312,6hb6tZMwumbYoXVxwEsWRk,Alexander Vertinsky,Velikie ispolniteli Rossii XX veka: Aleksandr Vertinskiy,Ja segodnja smejus' nad soboy,2,168189,False,0.496,0.0237,4,-17.939,0,0.0747,0.992,4.63e-05,0.101,0.117,100.566,3,romance
DUP-0347,2,93313,2jQbiFdf25wYRHcq0JiWRR,"Группа ""Загадка""",Золотая коллекция эстрады. Сиреневый туман,Люблю (Вдыхая розы аромат),1,115706,False,0.621,0.233,7,-8.939,0,0.0696,0.889,2.41e-06,0.13,0.636,127.273,3,romance
DUP-0350,2,93314,2QJmvhnhah2pOFvzJGg7Ro,Alla Bayanova;Давид Ашкенази;Геннадий Разуваев,Алла Баянова: И льётся песня,Я любовь не сберегла,1,175360,False,0.35,0.091,9,-15.221,0,0.0393,0.939,2.12e-06,0.0979,0.227,152.065,4,romance
DUP-0348,2,93317,5ugEAELzfwf3k07D3e1WNN,Владимир Бунчиков,Севастопольский Вальс (1943 - 1961),"Шумит волна, звенит струна",0,168923,False,0.346,0.303,4,-13.245,0,0.0362,0.961,5.55e-06,0.114,0.531,162.172,3,romance
DUP-0354,2,93318,2nVL8B8ad5rJZGBRuVIKtR,"Nikolai Erdenko;Ансамбль ""Джанг""",Шедевры цыганской музыки. Лучшие цыганские песни,Ехали цыгане,0,106253,False,0.395,0.438,0,-17.157,0,0.0499,0.645,0.0,0.257,0.533,129.316,4,romance
DUP-0361,2,93320,6x5sUSnjTj5pqOMEMbIhj8,Алёша Димитриевич,"Шедевры русской эстрады. Мама, я жулика люблю",Я милого узнаю по походочке,0,162186,False,0.484,0.391,7,-14.147,1,0.123,0.92,0.00673,0.203,0.577,181.397,4,romance
DUP-0362,2,93321,0UswNGtK684rqSxXFP18Uw,Vadim Kozin,Последний концерт,"Давно, давно я с Вами не был вместе",0,173693,False,0.518,0.0331,3,-22.008,1,0.093,0.994,0.0183,0.195,0.316,93.295,3,romance
DUP-0363,3,93323,52VSOpFbg4GBpPNNv4ulbP,"Группа ""Загадка""",20 золотых дворовых песен. Разлука,В больнице больная лежала,0,196280,False,0.363,0.154,2,-10.63,0,0.0319,0.901,0.0,0.14,0.411,143.521,3,romance
DUP-0364,2,93324,7GMYzt2h1jUs3PNefSool2,Izabella Jur'eva,Velikie ispolniteli Rossii XX veka: Izabella Jur'eva (Deluxe Version),Laskovo vzgljani,0,164364,False,0.545,0.217,11,-14.524,0,0.0788,0.995,0.338,0.123,0.702,80.063,4,romance
DUP-0365,2,93325,1aW7Cno3iDf1jIraOXLOKJ,Irina Karatcheva,Возвращение. русские романсы,В лунном сияньи,0,125406,False,0.388,0.0369,9,-21.176,0,0.047,0.984,0.0,0.115,0.385,98.997,3,romance
DUP-0366,2,93326,4V1CEf4NktNY6CfHKBqSKy,Vadim Kozin,Velikie ispolniteli Rossii XX veka: Vadim Kozin (Deluxe Version),Kovyl',0,189653,False,0.502,0.0984,2,-15.272,0,0.0918,0.994,0.0128,0.127,0.48,64.687,4,romance
DUP-0351,2,93328,7zkgAyL3DS6PE5FWzk3QKM,Vladimir Nechaev,Душевные песни из советских кинофильмов,"Ты рядом со мной - Из к/ф ""Наши соседи""",1,207438,False,0.336,0.315,2,-10.006,0,0.0312,0.875,4.08e-06,0.426,0.454,147.996,3,romance
DUP-0367,2,93329,7dwSsdCOY36upP3jChvTIJ,Vadim Kozin,Velikie ispolniteli Rossii XX veka: Vadim Kozin (Deluxe Version),Chudo-chudesa,0,180950,False,0.596,0.302,10,-10.254,1,0.104,0.989,0.000277,0.0786,0.81,101.37,3,romance
DUP-0368,2,93330,3Z86aT11fOYi5fNiUxwjgm,"Nikolai Erdenko;Ансамбль ""Джанг""",Шедевры цыганской музыки. Классика цыганской песни,Две женщины,0,240120,False,0.541,0.228,8,-20.177,0,0.0505,0.899,0.434,0.153,0.33,82.514,4,romance
DUP-0369,2,93331,02MRylJ1WAgxzdqfNfdIsR,Oleg Pogudin,Любовь и разлука. Песни Исаака Шварца,"Город пышный, город бедный",0,114600,False,0.446,0.121,4,-12.737,0,0.0414,0.937,0.0,0.125,0.18,107.573,3,romance
DUP-0352,2,93332,6xOrcNSwc9pnCcMYJjc4rn,Sergei Lemeshev,Сергей Лемешев. 20 золотых песен,Хотел бы в единое слово,0,121893,False,0.421,0.0908,7,-19.422,0,0.0459,0.979,0.0,0.0836,0.231,93.656,4,romance
DUP-0370,2,93334,5ybfqo1EiDwIhOvzBfJwx4,Vadim Kozin,Velikie ispolniteli Rossii XX veka: Vadim Kozin (Deluxe Version),Vsegda i vezde za toboju,0,179229,False,0.38,0.137,4,-14.335,0,0.0528,0.989,0.00248,0.113,0.349,94.145,5,romance
DUP-0371,2,93335,4HC6cDv1j6fpbQ6FOPGm7O,Valentina Ponomaryova;Ансамбль ударных инструментов Марка Пекарского;Сергей Скрипка;Государственный Симфонический оркестр кинематографии,Terra Incognita,The Cat that Walked by Himself: First Witchcraft. Dog,0,398200,False,0.34,0.168,1,-25.023,1,0.0895,0.599,0.0369,0.16,0.0372,95.744,4,romance
DUP-0355,2,93336,3wty3BBEsbk8zj92IPQ9NO,Nikolai Erdenko,Шедевры цыганской песни. Знаменитые цыганские песни,На траве туман,0,317786,False,0.287,0.261,7,-18.994,0,0.0455,0.776,0.0519,0.0973,0.146,140.712,4,romance
DUP-0353,2,93337,1zN6E83l8cwgDlxNhxPAUz,Oleg Pogudin,The Best Songs,Побудь со мной,1,165533,False,0.401,0.076,6,-17.782,0,0.0436,0.938,6.8e-06,0.123,0.122,69.474,3,romance
DUP-0372,2,93338,6R0TQQtu4guq2l4p4LIuuC,Sergei Lemeshev,"Romansy: Gori, gori, moja zvezda…",Svidanie,0,196204,False,0.29,0.306,10,-9.223,0,0.053,0.986,3.76e-06,0.108,0.0618,76.443,4,romance
DUP-0373,2,93339,2r6Jay01kQTR0ztlXQbxf3,Nadezhda Obukhova,"Romansy Rossii, Chast’ 2",Ja vnov' pred toboju,0,171335,False,0.405,0.0576,9,-15.525,0,0.0431,0.993,0.0,0.0966,0.105,69.88,5,romance
DUP-0374,2,93340,3Q4cgQC7JgtXqDcwZJ29Pp,Nikolay Kopylov,"Глинка, Романсы",В Крови Горит Огонь Желанья,0,76946,False,0.411,0.443,8,-8.237,1,0.0367,0.987,0.0638,0.142,0.364,137.253,4,romance
DUP-0356,2,93341,0gmV4mbtJsmveGlVAdLGho,Nikolai Erdenko;Nikolai Erdenko Gypsy Band,The Famous Songs of Russian Gypsies,"Oj, rucheek, rucheek (A Brook): Rucheek (A Brook)",1,153280,False,0.36,0.815,2,-12.779,1,0.146,0.46,0.0,0.365,0.439,122.176,4,romance
DUP-0375,2,93342,2sWCKLm6qrQ4Hu6Lkrh2Xb,Nikolai Erdenko,Лучшая цыганская музыка. Часть четвертая,Солнышко,0,213720,False,0.264,0.167,7,-20.194,0,0.0354,0.943,0.517,0.29,0.108,109.73,3,romance
DUP-0376,2,93343,1OZtXGoPN2deUyjKLbl6CW,Vladimir Nechaev,Velikie ispolniteli Rossii XX veka: Vladimir Nechaev,"Okh, neprijatnost'",0,183072,False,0.334,0.357,9,-10.103,0,0.0305,0.984,0.0026,0.318,0.585,149.913,4,romance
DUP-0377,2,93344,5saBHi3sDRRcrtLUC4zwuZ,Nikolai Erdenko,Шедевры цыганской музыки. Серебряная скрипка романса,Я Вас любил,0,199280,False,0.305,0.201,3,-13.253,1,0.036,0.926,0.265,0.17,0.04,102.865,5,romance
DUP-0378,2,93345,6FkTSDv17BIUGGAQkS6CJX,Nadezhda Kazantseva;Viktor Smirnov;Bolshoi Theatre Orchestra,"Soviet Film Soundtracks (1928 - 1950), Volume 5","Song - From ""Spring Flow""",0,156431,False,0.48,0.222,8,-14.529,1,0.0544,0.991,0.000822,0.542,0.381,121.857,4,romance
DUP-0379,2,93346,7x8eeMIQ7TRCa7p6HgkgNS,Oleg Pogudin,La serenata (Live),"Funiculì, funiculà (Live)",0,157893,False,0.565,0.604,3,-8.867,1,0.0716,0.733,0.00427,0.484,0.59,127.955,4,romance
DUP-0357,2,93347,0egeqq8xpExQHfPNuXfNfD,Vladimir Nechaev,"Russian Legends - Vladimir Nechaev, Volume 1",Ogonyok,0,181800,False,0.433,0.307,10,-14.509,1,0.0475,0.992,0.174,0.2,0.536,127.73,4,romance
DUP-0380,2,93348,7gtO54x88Y7GhY0jHgiV6P,Gelena Velikanova,Первая встреча (2022 Remastered),До завтра - 2022 Remastered,0,204752,False,0.446,0.0714,2,-14.648,1,0.064,0.972,0.0228,0.0942,0.504,202.618,3,romance
DUP-0381,2,93349,2CiemyCTNfoTqKHxzZIk0w,Gelena Velikanova,Первая встреча (2022 Remastered),Ты не все сказал - 2022 Remastered,0,187421,False,0.591,0.0729,9,-16.353,0,0.211,0.99,0.00206,0.191,0.336,108.008,4,romance
DUP-0382,2,93350,4f7ScGcFtjjBLs35q4vfTH,Tatiana and Sergey Nikitin,The Blue Color Vol.2,No one will be in the house,3,125544,False,0.762,0.108,0,-21.761,0,0.196,0.93,0.0677,0.116,0.786,87.822,4,romance
DUP-0383,2,93351,4v16scAVhylOWvkkcmd4DX,Izabella Yurieva,Счастье мое,"Саша, ты помнишь наши встречи?",1,188637,False,0.597,0.38,11,-9.514,0,0.0747,0.988,0.000231,0.194,0.732,103.193,4,romance
DUP-0358,2,93352,5MNxzyo5mrSoy3UkL9wbvT,Tatiana and Sergey Nikitin,Brich-Mulla Vol.1,Brich-Mulla,4,283872,False,0.74,0.23,0,-13.538,0,0.127,0.837,0.0,0.0949,0.765,133.99,4,romance
DUP-0384,2,93353,7485lzxQ1okfLNPNe8rpXV,Vadim Kozin,Последний концерт,Над рекой,0,111346,False,0.653,0.0639,5,-21.565,0,0.0709,0.995,0.163,0.128,0.6,107.638,4,romance
DUP-0385,2,93354,41wRhP83bDYvNx0l1n2JWk,Александр Цфасман;Леонид Кострица,Александр Цфасман и звёзды советской эстрады,Перелётные птицы,0,186827,False,0.628,0.361,5,-13.485,0,0.0563,0.982,0.136,0.109,0.898,115.423,4,romance
DUP-0359,2,93355,31V8fcY1mQGjqDIrFSNy2w,Александр Цфасман;Павел Михайлов,Избранное,Тебя здесь нет,0,177240,False,0.473,0.224,4,-15.187,0,0.0389,0.977,0.0383,0.128,0.571,124.432,4,romance
DUP-0360,2,93356,51QhZPWIe5gD5PgSV7luyl,Александр Цфасман;Вокальное Трио,Я люблю танцевать,Мечты,0,170893,False,0.373,0.14,5,-20.719,0,0.0506,0.976,0.367,0.156,0.226,117.624,3,romance
DUP-0386,2,93357,6oUDN88DZ8XKIVDfJEyzkN,Галина Карева,Не пробуждай воспоминаний (Имена на все времена),"Уйди, совсем уйди",0,221120,False,0.371,0.148,7,-15.852,0,0.0558,0.945,0.0,0.113,0.225,166.279,3,romance
DUP-0387,2,93358,4HlCz7PGRfUNZHgvTWI7th,Валерий Агафонов,За кордоном – любовь,Шарманщик,0,220480,False,0.433,0.15,9,-16.9,1,0.0437,0.958,0.077,0.107,0.115,139.806,4,romance
DUP-0388,2,93359,5X7UA8fbdiFr9BgxhDeClb,Александр Добронравов,Лучшие песни,Ангел ЗЗЗ,0,264869,False,0.379,0.334,9,-7.474,0,0.0309,0.665,0.0,0.115,0.131,128.577,4,romance
DUP-0363,3,93360,52VSOpFbg4GBpPNNv4ulbP,"Группа ""Загадка""",20 золотых дворовых песен. Разлука,В больнице больная лежала,0,196280,False,0.363,0.154,2,-10.63,0,0.0319,0.901,0.0,0.14,0.411,143.521,3,romance
DUP-0389,2,93361,05WLq8RH59gRD3gMnmxUKb,Vadim Kozin,Романсы и таборные песни,В последний раз,0,183954,False,0.419,0.0273,5,-23.017,0,0.0469,0.991,0.00466,0.0592,0.0786,72.274,3,romance
DUP-0365,2,93362,1aW7Cno3iDf1jIraOXLOKJ,Irina Karatcheva,Возвращение. русские романсы,В лунном сияньи,0,125406,False,0.388,0.0369,9,-21.176,0,0.047,0.984,0.0,0.115,0.385,98.997,3,romance
DUP-0390,2,93363,4worcVBM2RyWpQIyE7hJj5,Oleg Pogudin,Юбилей,Ещё один романс,0,159720,False,0.403,0.328,0,-11.581,0,0.0481,0.867,0.0,0.11,0.198,87.821,3,romance
DUP-0391,2,93364,1vNamT7fPcHPQdYCFMiXoI,Oleg Pogudin,Я сохраню слова любви,Дремлют плакучие ивы,1,177800,False,0.295,0.0736,2,-23.546,0,0.0416,0.886,0.0166,0.114,0.243,73.922,4,romance
DUP-0366,2,93365,4V1CEf4NktNY6CfHKBqSKy,Vadim Kozin,Velikie ispolniteli Rossii XX veka: Vadim Kozin (Deluxe Version),Kovyl',0,189653,False,0.502,0.0984,2,-15.272,0,0.0918,0.994,0.0128,0.127,0.48,64.687,4,romance
DUP-0392,3,93366,2abeQBWSIzjO8J1KrPFZHy,Oleg Pogudin,Русский романс. Часть I,Забыли вы…,0,190933,False,0.474,0.0538,7,-21.541,0,0.0488,0.912,0.0,0.0901,0.207,93.964,3,romance
DUP-0393,2,93367,56ZB19eqTsiuSkAz5aQIuc,Vadim Kozin,Чудо-чудеса,Одевэс - Колечки бирюзовые,0,94410,False,0.62,0.213,5,-14.271,0,0.0773,0.993,0.0,0.179,0.569,102.123,4,romance
DUP-0394,2,93368,22lPvFQRM48nDvv0ozgsMI,Oleg Pogudin,Любовь и разлука. Песни Исаака Шварца,Затихнет шрапнель,0,129653,False,0.583,0.318,6,-9.946,0,0.0461,0.719,0.0,0.12,0.586,106.209,4,romance
DUP-0362,2,93369,0UswNGtK684rqSxXFP18Uw,Vadim Kozin,Последний концерт,"Давно, давно я с Вами не был вместе",0,173693,False,0.518,0.0331,3,-22.008,1,0.093,0.994,0.0183,0.195,0.316,93.295,3,romance
DUP-0367,2,93370,7dwSsdCOY36upP3jChvTIJ,Vadim Kozin,Velikie ispolniteli Rossii XX veka: Vadim Kozin (Deluxe Version),Chudo-chudesa,0,180950,False,0.596,0.302,10,-10.254,1,0.104,0.989,0.000277,0.0786,0.81,101.37,3,romance
DUP-0395,2,93371,3IMEE1Goc1XeMlWUlVMqWA,Yuri Morfessi,Очи чёрные,Дорогой длинною,0,169341,False,0.267,0.399,7,-8.025,0,0.0367,0.995,0.00348,0.151,0.345,80.067,4,romance
DUP-0364,2,93372,7GMYzt2h1jUs3PNefSool2,Izabella Jur'eva,Velikie ispolniteli Rossii XX veka: Izabella Jur'eva (Deluxe Version),Laskovo vzgljani,0,164364,False,0.545,0.217,11,-14.524,0,0.0788,0.995,0.338,0.123,0.702,80.063,4,romance
DUP-0361,2,93373,6x5sUSnjTj5pqOMEMbIhj8,Алёша Димитриевич,"Шедевры русской эстрады. Мама, я жулика люблю",Я милого узнаю по походочке,0,162186,False,0.484,0.391,7,-14.147,1,0.123,0.92,0.00673,0.203,0.577,181.397,4,romance
DUP-0396,2,93374,1gXqg06Sc5301iRoKNhRRL,"Nikolai Erdenko;Ансамбль ""Джанг""",Шедевры цыганской музыки. Классика цыганской песни,У реки,0,134173,False,0.536,0.391,6,-17.031,1,0.0387,0.933,0.00462,0.15,0.82,154.325,4,romance
DUP-0374,2,93375,3Q4cgQC7JgtXqDcwZJ29Pp,Nikolay Kopylov,"Глинка, Романсы",В Крови Горит Огонь Желанья,0,76946,False,0.411,0.443,8,-8.237,1,0.0367,0.987,0.0638,0.142,0.364,137.253,4,romance
DUP-0369,2,93376,02MRylJ1WAgxzdqfNfdIsR,Oleg Pogudin,Любовь и разлука. Песни Исаака Шварца,"Город пышный, город бедный",0,114600,False,0.446,0.121,4,-12.737,0,0.0414,0.937,0.0,0.125,0.18,107.573,3,romance
DUP-0370,2,93377,5ybfqo1EiDwIhOvzBfJwx4,Vadim Kozin,Velikie ispolniteli Rossii XX veka: Vadim Kozin (Deluxe Version),Vsegda i vezde za toboju,0,179229,False,0.38,0.137,4,-14.335,0,0.0528,0.989,0.00248,0.113,0.349,94.145,5,romance
DUP-0397,2,93378,3R073bM874OdRBZvEPzY7N,Konstantin Pluzhnikov;Mr.Gr.Ig.Al.,Стаканчики гранёные (Cut Glasses),Андрюша (Andryusha),0,137200,False,0.525,0.434,6,-12.175,1,0.107,0.738,0.0,0.519,0.865,150.739,4,romance
DUP-0368,2,93379,3Z86aT11fOYi5fNiUxwjgm,"Nikolai Erdenko;Ансамбль ""Джанг""",Шедевры цыганской музыки. Классика цыганской песни,Две женщины,0,240120,False,0.541,0.228,8,-20.177,0,0.0505,0.899,0.434,0.153,0.33,82.514,4,romance
DUP-0371,2,93380,4HC6cDv1j6fpbQ6FOPGm7O,Valentina Ponomaryova;Ансамбль ударных инструментов Марка Пекарского;Сергей Скрипка;Государственный Симфонический оркестр кинематографии,Terra Incognita,The Cat that Walked by Himself: First Witchcraft. Dog,0,398200,False,0.34,0.168,1,-25.023,1,0.0895,0.599,0.0369,0.16,0.0372,95.744,4,romance
DUP-0398,2,93381,2Pgc97g0nMT8zTtumxVrXv,Oleg Pogudin,Je chante,Tombe la neige,0,180316,False,0.417,0.2,10,-10.918,0,0.0363,0.933,0.0397,0.112,0.341,110.67,4,romance
DUP-0373,2,93382,2r6Jay01kQTR0ztlXQbxf3,Nadezhda Obukhova,"Romansy Rossii, Chast’ 2",Ja vnov' pred toboju,0,171335,False,0.405,0.0576,9,-15.525,0,0.0431,0.993,0.0,0.0966,0.105,69.88,5,romance
DUP-0375,2,93383,2sWCKLm6qrQ4Hu6Lkrh2Xb,Nikolai Erdenko,Лучшая цыганская музыка. Часть четвертая,Солнышко,0,213720,False,0.264,0.167,7,-20.194,0,0.0354,0.943,0.517,0.29,0.108,109.73,3,romance
DUP-0399,2,93384,4EJPDUuKsCArRCvhDx2YW9,Nikolay Kopylov,"Петр Чайковский, Романсы","Благословляю Вас, Леса",0,241453,False,0.39,0.351,5,-11.02,1,0.039,0.989,0.000485,0.085,0.116,75.389,4,romance
DUP-0400,2,93385,2xRdvPX2IrKELYj9WvshTp,Vadim Kozin,Velikie ispolniteli Rossii XX veka: Vadim Kozin (Deluxe Version),"No ja znaju, ty ljubish' drugogo",0,164000,False,0.488,0.156,0,-11.457,0,0.0922,0.981,0.00855,0.116,0.402,130.864,5,romance
DUP-0377,2,93386,5saBHi3sDRRcrtLUC4zwuZ,Nikolai Erdenko,Шедевры цыганской музыки. Серебряная скрипка романса,Я Вас любил,0,199280,False,0.305,0.201,3,-13.253,1,0.036,0.926,0.265,0.17,0.04,102.865,5,romance
DUP-0376,2,93387,1OZtXGoPN2deUyjKLbl6CW,Vladimir Nechaev,Velikie ispolniteli Rossii XX veka: Vladimir Nechaev,"Okh, neprijatnost'",0,183072,False,0.334,0.357,9,-10.103,0,0.0305,0.984,0.0026,0.318,0.585,149.913,4,romance
DUP-0378,2,93388,6FkTSDv17BIUGGAQkS6CJX,Nadezhda Kazantseva;Viktor Smirnov;Bolshoi Theatre Orchestra,"Soviet Film Soundtracks (1928 - 1950), Volume 5","Song - From ""Spring Flow""",0,156431,False,0.48,0.222,8,-14.529,1,0.0544,0.991,0.000822,0.542,0.381,121.857,4,romance
DUP-0372,2,93389,6R0TQQtu4guq2l4p4LIuuC,Sergei Lemeshev,"Romansy: Gori, gori, moja zvezda…",Svidanie,0,196204,False,0.29,0.306,10,-9.223,0,0.053,0.986,3.76e-06,0.108,0.0618,76.443,4,romance
DUP-0401,2,93390,115R7u3I6ICJNKI6ErESlp,Nikolai Erdenko,Лучшая цыганская музыка. Часть вторая,Я не могу любить,0,182840,False,0.303,0.108,2,-18.41,1,0.0396,0.948,1.7e-06,0.0742,0.0615,98.239,4,romance
DUP-0402,2,93391,0CzptLVu8meMD9m5jKpueg,Vadim Kozin,Velikie ispolniteli Rossii XX veka: Vadim Kozin (Deluxe Version),"Smeysja, smeysja gromche vsekh",0,190030,False,0.53,0.241,7,-11.996,0,0.119,0.995,1.1e-06,0.112,0.63,81.853,4,romance
DUP-0403,2,93392,1JjlEP76VzsKKBRa2JdvIy,Nikolai Erdenko,Лучшая цыганская музыка. Часть вторая,Только раз бывают в жизни…,0,225093,False,0.333,0.131,2,-17.756,0,0.0373,0.97,0.0228,0.217,0.126,80.065,5,romance
DUP-0379,2,93393,7x8eeMIQ7TRCa7p6HgkgNS,Oleg Pogudin,La serenata (Live),"Funiculì, funiculà (Live)",0,157893,False,0.565,0.604,3,-8.867,1,0.0716,0.733,0.00427,0.484,0.59,127.955,4,romance
DUP-0404,2,93394,2rv9vjsnacgOKvZd2jBD66,Nikolai Erdenko,Шедевры цыганской музыки. Серебряная скрипка романса,Я помню вальса звук прелестный,0,125826,False,0.35,0.16,7,-14.295,0,0.0401,0.909,0.804,0.102,0.212,95.345,3,romance
DUP-0405,2,93395,2Lvca9B2AQKTNx2yNxnWbr,Sergei Lemeshev;Евгений Белоусов;Валентина Петрова;Лариса Авдеева;Galina Vishnevskaya;Boris Khaikin;Оркестр Большого театра,"Tchaikovsky: Eugene Onegin, Op. 24","Eugene Onegin, Op. 24, Act I Scene 1: No. 5b, Quartet ""Skazhi, kotoraya Tatyana""",3,91037,False,0.272,0.326,2,-15.958,0,0.0931,0.948,0.0,0.135,0.479,163.233,5,romance
DUP-0380,2,93396,7gtO54x88Y7GhY0jHgiV6P,Gelena Velikanova,Первая встреча (2022 Remastered),До завтра - 2022 Remastered,0,204752,False,0.446,0.0714,2,-14.648,1,0.064,0.972,0.0228,0.0942,0.504,202.618,3,romance
DUP-0406,2,93397,3KKk48f33mlB56F5L5nbJk,Nikolay Kopylov,Popular Opera Arias,"""Don Carlos"" Roderigo'S Death Aria",0,235547,False,0.167,0.332,1,-9.888,1,0.0359,0.992,0.191,0.113,0.0527,62.97,4,romance
DUP-0381,2,93398,2CiemyCTNfoTqKHxzZIk0w,Gelena Velikanova,Первая встреча (2022 Remastered),Ты не все сказал - 2022 Remastered,0,187421,False,0.591,0.0729,9,-16.353,0,0.211,0.99,0.00206,0.191,0.336,108.008,4,romance
DUP-0407,3,93399,6P2z6tZi1K8pyHXV1i0DnK,Nikolay Kopylov,У камина (Старинные Русские Романсы)/ At a Fireplace,Твои глаза зеленые ( Green Eyes),0,219880,False,0.359,0.448,2,-7.961,1,0.063,0.869,0.00046,0.317,0.49,76.832,4,romance
DUP-0385,2,93400,41wRhP83bDYvNx0l1n2JWk,Александр Цфасман;Леонид Кострица,Александр Цфасман и звёзды советской эстрады,Перелётные птицы,0,186827,False,0.628,0.361,5,-13.485,0,0.0563,0.982,0.136,0.109,0.898,115.423,4,romance
DUP-0408,2,93401,4RLEptaOiYYtnZ07Nq87k2,Надежда Обухова;Матвей Сахаров,Песни советских композиторов,Осенние листья,0,208202,False,0.281,0.0665,9,-20.983,0,0.0495,0.988,1.23e-05,0.0904,0.159,74.017,3,romance
DUP-0383,2,93402,4v16scAVhylOWvkkcmd4DX,Izabella Yurieva,Счастье мое,"Саша, ты помнишь наши встречи?",1,188637,False,0.597,0.38,11,-9.514,0,0.0747,0.988,0.000231,0.194,0.732,103.193,4,romance
DUP-0382,2,93403,4f7ScGcFtjjBLs35q4vfTH,Tatiana and Sergey Nikitin,The Blue Color Vol.2,No one will be in the house,3,125544,False,0.762,0.108,0,-21.761,0,0.196,0.93,0.0677,0.116,0.786,87.822,4,romance
DUP-0409,2,93404,35fXLEkCzyQJg0DET8wvhh,Boris Shtokolov;Оркестр народных инструментов имени Василия Андреева,Лучшие застольные,Вечерний звон,0,327493,False,0.226,0.421,6,-12.479,1,0.0854,0.926,0.364,0.348,0.0726,97.329,3,romance
DUP-0410,2,93405,4w0kFToo4KieF43IMDb9ED,Татьяна Комова;Георгий Квик,Ромэн. Русские цыганские романсы,Солнышко,0,214373,False,0.306,0.202,9,-18.504,0,0.0333,0.978,0.0479,0.215,0.174,79.701,4,romance
DUP-0388,2,93406,5X7UA8fbdiFr9BgxhDeClb,Александр Добронравов,Лучшие песни,Ангел ЗЗЗ,0,264869,False,0.379,0.334,9,-7.474,0,0.0309,0.665,0.0,0.115,0.131,128.577,4,romance
DUP-0386,2,93407,6oUDN88DZ8XKIVDfJEyzkN,Галина Карева,Не пробуждай воспоминаний (Имена на все времена),"Уйди, совсем уйди",0,221120,False,0.371,0.148,7,-15.852,0,0.0558,0.945,0.0,0.113,0.225,166.279,3,romance
DUP-0384,2,93408,7485lzxQ1okfLNPNe8rpXV,Vadim Kozin,Последний концерт,Над рекой,0,111346,False,0.653,0.0639,5,-21.565,0,0.0709,0.995,0.163,0.128,0.6,107.638,4,romance
DUP-0411,2,93409,5ffAjEtQBzn7d7I9pl2kB0,Владимир Бунчиков,Мы в жизнь идем (1936 - 1958),На крейсере Молотов,0,199457,False,0.338,0.496,0,-12.617,1,0.0766,0.991,0.0,0.639,0.304,115.665,4,romance
DUP-0412,2,93410,3ENn9ahP78mdUTHXDhnyFu,Izabella Jur'eva,Estrada 30-kh: Luchshie otechestvennye ispolniteli 30-kh godov XX veka,Belaja noch',0,196109,False,0.543,0.227,4,-11.044,0,0.042,0.994,0.000539,0.156,0.423,103.841,4,romance
DUP-0387,2,93411,4HlCz7PGRfUNZHgvTWI7th,Валерий Агафонов,За кордоном – любовь,Шарманщик,0,220480,False,0.433,0.15,9,-16.9,1,0.0437,0.958,0.077,0.107,0.115,139.806,4,romance
DUP-0413,2,93412,6FwmTj0KzcljTlBd0VqBcA,Vadim Kozin,Легенды русской эстрады. Вадим Козин. Часть вторая,Мой костер,0,173000,False,0.464,0.191,5,-14.734,0,0.0509,0.995,0.553,0.155,0.461,80.211,4,romance
DUP-0389,2,93413,05WLq8RH59gRD3gMnmxUKb,Vadim Kozin,Романсы и таборные песни,В последний раз,0,183954,False,0.419,0.0273,5,-23.017,0,0.0469,0.991,0.00466,0.0592,0.0786,72.274,3,romance
DUP-0414,2,93414,5MzcMEsNgOEyd5D1E7FYMu,"Группа ""Загадка""",20 золотых дворовых песен. Разлука,Соловушка,0,138000,False,0.711,0.391,9,-6.593,0,0.0488,0.818,0.0,0.087,0.9,116.323,4,romance
DUP-0363,3,93415,52VSOpFbg4GBpPNNv4ulbP,"Группа ""Загадка""",20 золотых дворовых песен. Разлука,В больнице больная лежала,0,196280,False,0.363,0.154,2,-10.63,0,0.0319,0.901,0.0,0.14,0.411,143.521,3,romance
DUP-0415,2,93416,5FWXZQDgu0A4hS39eYrzBF,Alexander Vertinsky,Velikie ispolniteli Rossii XX veka: Aleksandr Vertinskiy,Pesenka o zhene,2,302346,False,0.539,0.105,2,-16.811,0,0.178,0.978,1.32e-06,0.698,0.295,92.306,4,romance
DUP-0391,2,93417,1vNamT7fPcHPQdYCFMiXoI,Oleg Pogudin,Я сохраню слова любви,Дремлют плакучие ивы,1,177800,False,0.295,0.0736,2,-23.546,0,0.0416,0.886,0.0166,0.114,0.243,73.922,4,romance
DUP-0390,2,93418,4worcVBM2RyWpQIyE7hJj5,Oleg Pogudin,Юбилей,Ещё один романс,0,159720,False,0.403,0.328,0,-11.581,0,0.0481,0.867,0.0,0.11,0.198,87.821,3,romance
DUP-0393,2,93419,56ZB19eqTsiuSkAz5aQIuc,Vadim Kozin,Чудо-чудеса,Одевэс - Колечки бирюзовые,0,94410,False,0.62,0.213,5,-14.271,0,0.0773,0.993,0.0,0.179,0.569,102.123,4,romance
DUP-0395,2,93420,3IMEE1Goc1XeMlWUlVMqWA,Yuri Morfessi,Очи чёрные,Дорогой длинною,0,169341,False,0.267,0.399,7,-8.025,0,0.0367,0.995,0.00348,0.151,0.345,80.067,4,romance
DUP-0392,3,93421,2abeQBWSIzjO8J1KrPFZHy,Oleg Pogudin,Русский романс. Часть I,Забыли вы…,0,190933,False,0.474,0.0538,7,-21.541,0,0.0488,0.912,0.0,0.0901,0.207,93.964,3,romance
DUP-0416,2,93422,41BFw6SQKtl4FOCgaClWHC,Oleg Pogudin,Союз друзей. Песни Булата Окуджавы,Парижские фантазии,0,148480,False,0.739,0.339,9,-11.731,0,0.0962,0.729,0.0,0.0895,0.66,126.621,4,romance
DUP-0394,2,93423,22lPvFQRM48nDvv0ozgsMI,Oleg Pogudin,Любовь и разлука. Песни Исаака Шварца,Затихнет шрапнель,0,129653,False,0.583,0.318,6,-9.946,0,0.0461,0.719,0.0,0.12,0.586,106.209,4,romance
DUP-0417,2,93424,3ZfhmhDh8IYWtUrjmf3hbk,Sergei Lemeshev,Эстрада 40-х. Лучшие отечественные исполнители 40-х годов ХХ века,Песня о песне,0,213315,False,0.426,0.167,9,-12.823,0,0.0467,0.984,0.0,0.0954,0.243,117.277,4,romance
DUP-0418,2,93425,6MGlS9t68GIFkcbWIzHcsM,Nikolay Nikitskiy,Velikie ispolniteli Rossii XX veka: Nikolay Nikitskiy,Bugi-vugi - ne sekret,0,110388,False,0.576,0.516,0,-8.355,1,0.0556,0.837,2.75e-05,0.0853,0.897,88.175,4,romance
DUP-0399,2,93426,4EJPDUuKsCArRCvhDx2YW9,Nikolay Kopylov,"Петр Чайковский, Романсы","Благословляю Вас, Леса",0,241453,False,0.39,0.351,5,-11.02,1,0.039,0.989,0.000485,0.085,0.116,75.389,4,romance
DUP-0419,2,93427,396SEUYrf8EGBUbMUvpaAU,Nadezhda Kazantseva,Velikie ispolniteli Rossii XX veka: Nadezhda Kazantseva (Deluxe),Rossija,0,239227,False,0.441,0.249,5,-12.746,0,0.0512,0.971,5.72e-06,0.538,0.264,72.614,4,romance
DUP-0397,2,93428,3R073bM874OdRBZvEPzY7N,Konstantin Pluzhnikov;Mr.Gr.Ig.Al.,Стаканчики гранёные (Cut Glasses),Андрюша (Andryusha),0,137200,False,0.525,0.434,6,-12.175,1,0.107,0.738,0.0,0.519,0.865,150.739,4,romance
DUP-0396,2,93429,1gXqg06Sc5301iRoKNhRRL,"Nikolai Erdenko;Ансамбль ""Джанг""",Шедевры цыганской музыки. Классика цыганской песни,У реки,0,134173,False,0.536,0.391,6,-17.031,1,0.0387,0.933,0.00462,0.15,0.82,154.325,4,romance
DUP-0420,2,93430,77WDNemIn6ZHUHeLMK5LWI,Nadezhda Kazantseva,Velikie ispolniteli Rossii XX veka: Nadezhda Kazantseva (Deluxe),Estrellita,0,162537,False,0.332,0.253,6,-8.92,1,0.04,0.982,1.06e-05,0.102,0.141,77.107,4,romance
DUP-0421,2,93431,399J96pvyrrDAHDXBY1qnf,Oleg Pogudin,The Best Songs,Дремлют плакучие ивы,0,178920,False,0.4,0.22,2,-14.161,0,0.0384,0.896,0.0254,0.114,0.186,89.595,3,romance
DUP-0400,2,93432,2xRdvPX2IrKELYj9WvshTp,Vadim Kozin,Velikie ispolniteli Rossii XX veka: Vadim Kozin (Deluxe Version),"No ja znaju, ty ljubish' drugogo",0,164000,False,0.488,0.156,0,-11.457,0,0.0922,0.981,0.00855,0.116,0.402,130.864,5,romance
DUP-0398,2,93433,2Pgc97g0nMT8zTtumxVrXv,Oleg Pogudin,Je chante,Tombe la neige,0,180316,False,0.417,0.2,10,-10.918,0,0.0363,0.933,0.0397,0.112,0.341,110.67,4,romance
DUP-0422,2,93434,3ZNOzd4hnbbjTfMvebFt9D,Nikolay Erdenko,The Night Is Bright,"Goodbye, My Friend, Goodbye",0,153693,False,0.342,0.0701,9,-20.671,0,0.0373,0.946,1.55e-05,0.104,0.184,127.757,5,romance
DUP-0423,2,93435,5eufSf7Ss9wFKGoEuqfNAv,Oleg Pogudin,Избранное I (Live),Я Вас люблю - Live,0,288000,False,0.382,0.423,4,-12.258,0,0.685,0.595,0.0,0.958,0.25,96.37,5,romance
DUP-0424,2,93436,1cgM0c7AhnbJSZKgaXLNgF,"Nikolai Erdenko;Ансамбль ""Джанг""",20 лучших цыганских песен. Звездочка,Что делать,0,200293,False,0.36,0.141,4,-15.662,0,0.0292,0.938,0.000494,0.14,0.223,75.581,4,romance
DUP-0403,2,93437,1JjlEP76VzsKKBRa2JdvIy,Nikolai Erdenko,Лучшая цыганская музыка. Часть вторая,Только раз бывают в жизни…,0,225093,False,0.333,0.131,2,-17.756,0,0.0373,0.97,0.0228,0.217,0.126,80.065,5,romance
DUP-0425,2,93438,0bWAjywvZX6qiyy6R0ocWz,Boris Shtokolov;Оркестр штаба Ленинградского Военного округа,"Люблю тебя, Петра творенье...",Ночь светла (feat. Оркестр штаба Ленинградского военного округа),0,174453,False,0.331,0.29,3,-12.592,0,0.0411,0.98,0.0154,0.0962,0.366,138.567,4,romance
DUP-0401,2,93439,115R7u3I6ICJNKI6ErESlp,Nikolai Erdenko,Лучшая цыганская музыка. Часть вторая,Я не могу любить,0,182840,False,0.303,0.108,2,-18.41,1,0.0396,0.948,1.7e-06,0.0742,0.0615,98.239,4,romance
DUP-0406,2,93440,3KKk48f33mlB56F5L5nbJk,Nikolay Kopylov,Popular Opera Arias,"""Don Carlos"" Roderigo'S Death Aria",0,235547,False,0.167,0.332,1,-9.888,1,0.0359,0.992,0.191,0.113,0.0527,62.97,4,romance
DUP-0426,2,93441,3NlzdeBPtuSj89pf6Z1TvG,Nikolay Kopylov,"Ради Женщин (Сцены, Арии И Дуэты Из Классических Оперетт)",Песня Пали Рача Из Оперетты «Цыган-Премьер»,0,246106,False,0.279,0.416,2,-12.525,1,0.0426,0.987,0.408,0.282,0.221,80.542,4,romance
DUP-0427,2,93442,79Y0mhlybfVcoXJvi6A3aQ,Maria Maksakova;Makhov Russian Folk Instruments Orchestra,My Voice for You...,The Old Husband,0,167021,False,0.368,0.373,5,-5.001,0,0.041,0.976,0.0,0.278,0.124,81.902,1,romance
DUP-0402,2,93443,0CzptLVu8meMD9m5jKpueg,Vadim Kozin,Velikie ispolniteli Rossii XX veka: Vadim Kozin (Deluxe Version),"Smeysja, smeysja gromche vsekh",0,190030,False,0.53,0.241,7,-11.996,0,0.119,0.995,1.1e-06,0.112,0.63,81.853,4,romance
DUP-0404,2,93444,2rv9vjsnacgOKvZd2jBD66,Nikolai Erdenko,Шедевры цыганской музыки. Серебряная скрипка романса,Я помню вальса звук прелестный,0,125826,False,0.35,0.16,7,-14.295,0,0.0401,0.909,0.804,0.102,0.212,95.345,3,romance
DUP-0405,2,93445,2Lvca9B2AQKTNx2yNxnWbr,Sergei Lemeshev;Евгений Белоусов;Валентина Петрова;Лариса Авдеева;Galina Vishnevskaya;Boris Khaikin;Оркестр Большого театра,"Tchaikovsky: Eugene Onegin, Op. 24","Eugene Onegin, Op. 24, Act I Scene 1: No. 5b, Quartet ""Skazhi, kotoraya Tatyana""",3,91037,False,0.272,0.326,2,-15.958,0,0.0931,0.948,0.0,0.135,0.479,163.233,5,romance
DUP-0428,2,93446,2FgBbPzQtH6WcimQuh6yOi,Vladimir Nechaev,"Russian Legends - Vladimir Nechaev, Vol. 2",Ja vlubilsya,0,160426,False,0.62,0.27,11,-15.228,0,0.0553,0.893,0.166,0.301,0.711,131.509,4,romance
DUP-0429,2,93447,3gZdKSc7nIRAj1MgGcGDQP,Ivan Petrov;Chorus of the Bolshoi Theatre,Eugene Onegin,"Tchaikovsky: Eugene Onegin: Dyevitsi, krasavitsi - Act One",0,183466,False,0.384,0.134,9,-20.039,1,0.0369,0.992,0.000493,0.0824,0.123,106.939,3,romance
DUP-0407,3,93448,6P2z6tZi1K8pyHXV1i0DnK,Nikolay Kopylov,У камина (Старинные Русские Романсы)/ At a Fireplace,Твои глаза зеленые ( Green Eyes),0,219880,False,0.359,0.448,2,-7.961,1,0.063,0.869,0.00046,0.317,0.49,76.832,4,romance
DUP-0430,2,93449,6sfr06qqBzJNSRLBMLMewi,Nikolay Kopylov,Две гитары (Старинные Русские Романсы)/ Two Guitars (Ancient Russian Romances),Тебя любить (Loving You),0,173680,False,0.537,0.247,4,-12.172,0,0.0817,0.938,0.00143,0.0975,0.306,72.536,3,romance
DUP-0408,2,93451,4RLEptaOiYYtnZ07Nq87k2,Надежда Обухова;Матвей Сахаров,Песни советских композиторов,Осенние листья,0,208202,False,0.281,0.0665,9,-20.983,0,0.0495,0.988,1.23e-05,0.0904,0.159,74.017,3,romance
DUP-0409,2,93453,35fXLEkCzyQJg0DET8wvhh,Boris Shtokolov;Оркестр народных инструментов имени Василия Андреева,Лучшие застольные,Вечерний звон,0,327493,False,0.226,0.421,6,-12.479,1,0.0854,0.926,0.364,0.348,0.0726,97.329,3,romance
DUP-0410,2,93454,4w0kFToo4KieF43IMDb9ED,Татьяна Комова;Георгий Квик,Ромэн. Русские цыганские романсы,Солнышко,0,214373,False,0.306,0.202,9,-18.504,0,0.0333,0.978,0.0479,0.215,0.174,79.701,4,romance
DUP-0412,2,93455,3ENn9ahP78mdUTHXDhnyFu,Izabella Jur'eva,Estrada 30-kh: Luchshie otechestvennye ispolniteli 30-kh godov XX veka,Belaja noch',0,196109,False,0.543,0.227,4,-11.044,0,0.042,0.994,0.000539,0.156,0.423,103.841,4,romance
DUP-0415,2,93457,5FWXZQDgu0A4hS39eYrzBF,Alexander Vertinsky,Velikie ispolniteli Rossii XX veka: Aleksandr Vertinskiy,Pesenka o zhene,2,302346,False,0.539,0.105,2,-16.811,0,0.178,0.978,1.32e-06,0.698,0.295,92.306,4,romance
DUP-0414,2,93458,5MzcMEsNgOEyd5D1E7FYMu,"Группа ""Загадка""",20 золотых дворовых песен. Разлука,Соловушка,0,138000,False,0.711,0.391,9,-6.593,0,0.0488,0.818,0.0,0.087,0.9,116.323,4,romance
DUP-0411,2,93460,5ffAjEtQBzn7d7I9pl2kB0,Владимир Бунчиков,Мы в жизнь идем (1936 - 1958),На крейсере Молотов,0,199457,False,0.338,0.496,0,-12.617,1,0.0766,0.991,0.0,0.639,0.304,115.665,4,romance
DUP-0413,2,93463,6FwmTj0KzcljTlBd0VqBcA,Vadim Kozin,Легенды русской эстрады. Вадим Козин. Часть вторая,Мой костер,0,173000,False,0.464,0.191,5,-14.734,0,0.0509,0.995,0.553,0.155,0.461,80.211,4,romance
DUP-0431,2,93464,78MaTag4E7UiNjI6d7KCeT,"Группа ""Загадка""",20 лучших ресторанных песен. Сладка ягода,Сладка ягода,0,190173,False,0.25,0.106,10,-12.954,0,0.0374,0.92,0.0,0.0802,0.313,75.807,4,romance
DUP-0418,2,93470,6MGlS9t68GIFkcbWIzHcsM,Nikolay Nikitskiy,Velikie ispolniteli Rossii XX veka: Nikolay Nikitskiy,Bugi-vugi - ne sekret,0,110388,False,0.576,0.516,0,-8.355,1,0.0556,0.837,2.75e-05,0.0853,0.897,88.175,4,romance
DUP-0392,3,93472,2abeQBWSIzjO8J1KrPFZHy,Oleg Pogudin,Русский романс. Часть I,Забыли вы…,0,190933,False,0.474,0.0538,7,-21.541,0,0.0488,0.912,0.0,0.0901,0.207,93.964,3,romance
DUP-0416,2,93474,41BFw6SQKtl4FOCgaClWHC,Oleg Pogudin,Союз друзей. Песни Булата Окуджавы,Парижские фантазии,0,148480,False,0.739,0.339,9,-11.731,0,0.0962,0.729,0.0,0.0895,0.66,126.621,4,romance
DUP-0419,2,93475,396SEUYrf8EGBUbMUvpaAU,Nadezhda Kazantseva,Velikie ispolniteli Rossii XX veka: Nadezhda Kazantseva (Deluxe),Rossija,0,239227,False,0.441,0.249,5,-12.746,0,0.0512,0.971,5.72e-06,0.538,0.264,72.614,4,romance
DUP-0420,2,93477,77WDNemIn6ZHUHeLMK5LWI,Nadezhda Kazantseva,Velikie ispolniteli Rossii XX veka: Nadezhda Kazantseva (Deluxe),Estrellita,0,162537,False,0.332,0.253,6,-8.92,1,0.04,0.982,1.06e-05,0.102,0.141,77.107,4,romance
DUP-0417,2,93480,3ZfhmhDh8IYWtUrjmf3hbk,Sergei Lemeshev,Эстрада 40-х. Лучшие отечественные исполнители 40-х годов ХХ века,Песня о песне,0,213315,False,0.426,0.167,9,-12.823,0,0.0467,0.984,0.0,0.0954,0.243,117.277,4,romance
DUP-0425,2,93481,0bWAjywvZX6qiyy6R0ocWz,Boris Shtokolov;Оркестр штаба Ленинградского Военного округа,"Люблю тебя, Петра творенье...",Ночь светла (feat. Оркестр штаба Ленинградского военного округа),0,174453,False,0.331,0.29,3,-12.592,0,0.0411,0.98,0.0154,0.0962,0.366,138.567,4,romance
DUP-0426,2,93483,3NlzdeBPtuSj89pf6Z1TvG,Nikolay Kopylov,"Ради Женщин (Сцены, Арии И Дуэты Из Классических Оперетт)",Песня Пали Рача Из Оперетты «Цыган-Премьер»,0,246106,False,0.279,0.416,2,-12.525,1,0.0426,0.987,0.408,0.282,0.221,80.542,4,romance
DUP-0422,2,93484,3ZNOzd4hnbbjTfMvebFt9D,Nikolay Erdenko,The Night Is Bright,"Goodbye, My Friend, Goodbye",0,153693,False,0.342,0.0701,9,-20.671,0,0.0373,0.946,1.55e-05,0.104,0.184,127.757,5,romance
DUP-0421,2,93486,399J96pvyrrDAHDXBY1qnf,Oleg Pogudin,The Best Songs,Дремлют плакучие ивы,0,178920,False,0.4,0.22,2,-14.161,0,0.0384,0.896,0.0254,0.114,0.186,89.595,3,romance
DUP-0424,2,93487,1cgM0c7AhnbJSZKgaXLNgF,"Nikolai Erdenko;Ансамбль ""Джанг""",20 лучших цыганских песен. Звездочка,Что делать,0,200293,False,0.36,0.141,4,-15.662,0,0.0292,0.938,0.000494,0.14,0.223,75.581,4,romance
DUP-0423,2,93488,5eufSf7Ss9wFKGoEuqfNAv,Oleg Pogudin,Избранное I (Live),Я Вас люблю - Live,0,288000,False,0.382,0.423,4,-12.258,0,0.685,0.595,0.0,0.958,0.25,96.37,5,romance
DUP-0432,2,93490,62svtfRdzCBy5qHInT7lYv,Nikolai Erdenko,20 лучших ресторанных песен. Цыганочка,Ехал на ярмарку ухарь-купец,0,158306,False,0.673,0.534,4,-14.0,0,0.0692,0.715,0.0,0.161,0.742,110.513,4,romance
DUP-0428,2,93492,2FgBbPzQtH6WcimQuh6yOi,Vladimir Nechaev,"Russian Legends - Vladimir Nechaev, Vol. 2",Ja vlubilsya,0,160426,False,0.62,0.27,11,-15.228,0,0.0553,0.893,0.166,0.301,0.711,131.509,4,romance
DUP-0427,2,93493,79Y0mhlybfVcoXJvi6A3aQ,Maria Maksakova;Makhov Russian Folk Instruments Orchestra,My Voice for You...,The Old Husband,0,167021,False,0.368,0.373,5,-5.001,0,0.041,0.976,0.0,0.278,0.124,81.902,1,romance
DUP-0407,3,93495,6P2z6tZi1K8pyHXV1i0DnK,Nikolay Kopylov,У камина (Старинные Русские Романсы)/ At a Fireplace,Твои глаза зеленые ( Green Eyes),0,219880,False,0.359,0.448,2,-7.961,1,0.063,0.869,0.00046,0.317,0.49,76.832,4,romance
DUP-0429,2,93496,3gZdKSc7nIRAj1MgGcGDQP,Ivan Petrov;Chorus of the Bolshoi Theatre,Eugene Onegin,"Tchaikovsky: Eugene Onegin: Dyevitsi, krasavitsi - Act One",0,183466,False,0.384,0.134,9,-20.039,1,0.0369,0.992,0.000493,0.0824,0.123,106.939,3,romance
DUP-0430,2,93499,6sfr06qqBzJNSRLBMLMewi,Nikolay Kopylov,Две гитары (Старинные Русские Романсы)/ Two Guitars (Ancient Russian Romances),Тебя любить (Loving You),0,173680,False,0.537,0.247,4,-12.172,0,0.0817,0.938,0.00143,0.0975,0.306,72.536,3,romance
DUP-0431,2,93504,78MaTag4E7UiNjI6d7KCeT,"Группа ""Загадка""",20 лучших ресторанных песен. Сладка ягода,Сладка ягода,0,190173,False,0.25,0.106,10,-12.954,0,0.0374,0.92,0.0,0.0802,0.313,75.807,4,romance
DUP-0432,2,93540,62svtfRdzCBy5qHInT7lYv,Nikolai Erdenko,20 лучших ресторанных песен. Цыганочка,Ехал на ярмарку ухарь-купец,0,158306,False,0.673,0.534,4,-14.0,0,0.0692,0.715,0.0,0.161,0.742,110.513,4,romance
DUP-0433,2,95637,60GPk3Q9dYRAvj3z4w3uvt,Paolo Plaza,Mis Pasos,Alguien Como Tú,30,314984,False,0.682,0.907,9,-3.436,0,0.0575,0.65,1.51e-06,0.0851,0.965,170.051,4,salsa
DUP-0434,2,95670,2Y2GcNox0vZ6YOERe0s2fy,Daiquiri,Lo Mejor de Daiquirí,Morir de Amor,29,257000,False,0.745,0.831,10,-3.794,1,0.0407,0.499,0.00778,0.0354,0.966,157.009,4,salsa
DUP-0433,2,95686,60GPk3Q9dYRAvj3z4w3uvt,Paolo Plaza,Mis Pasos,Alguien Como Tú,30,314984,False,0.682,0.907,9,-3.436,0,0.0575,0.65,1.51e-06,0.0851,0.965,170.051,4,salsa
DUP-0434,2,95723,2Y2GcNox0vZ6YOERe0s2fy,Daiquiri,Lo Mejor de Daiquirí,Morir de Amor,29,257000,False,0.745,0.831,10,-3.794,1,0.0407,0.499,0.00778,0.0354,0.966,157.009,4,salsa
DUP-0435,2,98949,0Ar3Yw2YygQrxNOSRf8Wlc,Chess In Concert,Chess In Concert,You and I - Reprise,20,269666,False,0.246,0.255,10,-9.814,1,0.0338,0.918,0.0004,0.311,0.105,100.718,4,show-tunes
DUP-0435,2,98999,0Ar3Yw2YygQrxNOSRf8Wlc,Chess In Concert,Chess In Concert,You and I - Reprise,20,269666,False,0.246,0.255,10,-9.814,1,0.0338,0.918,0.0004,0.311,0.105,100.718,4,show-tunes
DUP-0436,2,103331,6EIvczZqM3aW9OsLv9DgBP,The Jackson 5,Jingle Bell Rock 2022,Santa Claus Is Coming To Town,0,144080,False,0.691,0.776,0,-4.177,1,0.0341,0.458,1.68e-05,0.33,0.961,146.861,4,soul
DUP-0436,2,103383,6EIvczZqM3aW9OsLv9DgBP,The Jackson 5,Jingle Bell Rock 2022,Santa Claus Is Coming To Town,0,144080,False,0.691,0.776,0,-4.177,1,0.0341,0.458,1.68e-05,0.33,0.961,146.861,4,soul
DUP-0437,2,105791,7qXOU6cphWamDZg2vYm3iw,"Sarah, the Illstrumentalist",FLOWERS,Echinacea,6,131332,False,0.567,0.483,9,-12.536,0,0.0561,0.392,0.911,0.184,0.543,89.957,4,study
DUP-0438,2,105810,0xchuOuU0MqjKaUrzIPrCv,Pepper and Po,Breaking News,Subway Signs,26,183007,False,0.792,0.0414,8,-14.461,1,0.0663,0.748,0.929,0.0902,0.418,79.985,4,study
DUP-0437,2,105830,7qXOU6cphWamDZg2vYm3iw,"Sarah, the Illstrumentalist",FLOWERS,Echinacea,6,131332,False,0.567,0.483,9,-12.536,0,0.0561,0.392,0.911,0.184,0.543,89.957,4,study
DUP-0438,2,105866,0xchuOuU0MqjKaUrzIPrCv,Pepper and Po,Breaking News,Subway Signs,26,183007,False,0.792,0.0414,8,-14.461,1,0.0663,0.748,0.929,0.0902,0.418,79.985,4,study
DUP-0439,2,110864,63vjnB6EeQuVf64zLxIo90,Aly & Fila;JES;Space Motion,Summer Sessions 2021,I Won't Let You Fall - Space Motion Extended Remix,36,449032,False,0.693,0.731,2,-8.552,1,0.0438,0.00483,0.543,0.112,0.273,122.987,4,trance
DUP-0439,2,110920,63vjnB6EeQuVf64zLxIo90,Aly & Fila;JES;Space Motion,Summer Sessions 2021,I Won't Let You Fall - Space Motion Extended Remix,36,449032,False,0.693,0.731,2,-8.552,1,0.0438,0.00483,0.543,0.112,0.273,122.987,4,trance
DUP-0440,2,111199,0sSjIvTvd6fUSZZ5rnTPDW,Everything But The Girl,Eden (Deluxe Edition),Another Bridge - 2012 Remaster,26,132826,False,0.48,0.853,0,-6.276,1,0.0734,0.0306,1.27e-06,0.32,0.775,85.181,4,trip-hop
DUP-0440,2,111246,0sSjIvTvd6fUSZZ5rnTPDW,Everything But The Girl,Eden (Deluxe Edition),Another Bridge - 2012 Remaster,26,132826,False,0.48,0.853,0,-6.276,1,0.0734,0.0306,1.27e-06,0.32,0.775,85.181,4,trip-hop
DUP-0441,2,111318,2zg3iJW4fK7KZgHOvJU67z,Faithless,Faithless 2.0,Tarantula,21,398152,False,0.622,0.816,6,-11.095,0,0.0483,0.00959,0.578,0.0991,0.427,136.007,4,trip-hop
DUP-0441,2,111362,2zg3iJW4fK7KZgHOvJU67z,Faithless,Faithless 2.0,Tarantula,21,398152,False,0.622,0.816,6,-11.095,0,0.0483,0.00959,0.578,0.0991,0.427,136.007,4,trip-hop
DUP-0442,2,111941,46FPub2Fewe7XrgM0smTYI,Morcheeba,Parts of the Process,Undress Me Now,17,203773,False,0.576,0.352,7,-10.773,0,0.0268,0.7,0.27,0.16,0.36,95.484,4,trip-hop
DUP-0442,2,111980,46FPub2Fewe7XrgM0smTYI,Morcheeba,Parts of the Process,Undress Me Now,17,203773,False,0.576,0.352,7,-10.773,0,0.0268,0.7,0.27,0.16,0.36,95.484,4,trip-hop
DUP-0443,2,112931,6qVA1MqDrDKfk9144bhoKp,Acil Servis,Küçük Adam,Bebek,38,319933,False,0.486,0.485,5,-12.391,0,0.0331,0.00446,1.69e-05,0.369,0.353,120.095,4,turkish
DUP-0443,2,112968,6qVA1MqDrDKfk9144bhoKp,Acil Servis,Küçük Adam,Bebek,38,319933,False,0.486,0.485,5,-12.391,0,0.0331,0.00446,1.69e-05,0.369,0.353,120.095,4,turkish
DUP-0444,2,113295,5WaioelSGekDk3UNQy8zaw,Matt Redman,Sing Like Never Before: The Essential Collection,Our God - New Recording,34,265373,False,0.487,0.895,11,-5.061,1,0.0413,0.000183,0.0,0.359,0.384,105.021,4,world-music
DUP-0444,2,113345,5WaioelSGekDk3UNQy8zaw,Matt Redman,Sing Like Never Before: The Essential Collection,Our God - New Recording,34,265373,False,0.487,0.895,11,-5.061,1,0.0413,0.000183,0.0,0.359,0.384,105.021,4,world-music
